Problem,Run,IGDp_first,IGDp_final,IGDrelCheck
DTLZ1,1,272.544528047587,154.025752286609,0
DTLZ1,2,263.014338298631,161.800175811196,0
DTLZ1,3,277.300983177554,153.739410823539,0
DTLZ1,4,281.977610313695,172.082046491971,0
DTLZ1,5,237.578759225181,179.589499393765,0
DTLZ1,6,317.913416029466,142.389321776328,0
DTLZ1,7,277.229482383128,132.359743268968,0
DTLZ1,8,268.128783180244,146.775187684364,0
DTLZ1,9,258.612250626968,107.436587878751,0
DTLZ1,10,313.155433179969,179.020769794777,0
DTLZ1,11,371.844204011018,158.066757716129,0
DTLZ1,12,253.259847679715,103.577616962008,0
DTLZ1,13,282.77579896493,155.747469528731,0
DTLZ1,14,269.259878675665,129.52891161857,0
DTLZ1,15,334.458013148694,131.065100798558,0
DTLZ1,16,322.474161866863,112.215606164736,0
DTLZ1,17,242.245155615287,143.795802952176,0
DTLZ1,18,275.21085576989,103.331532451337,0
DTLZ1,19,305.18967802096,112.47469324842,0
DTLZ1,20,317.739746512692,136.074846145614,0
DTLZ2,1,1.47902220012302,0.842037371968878,0
DTLZ2,2,1.32827739493505,0.822815990323026,0
DTLZ2,3,1.3378102558313,0.838518620042508,0
DTLZ2,4,1.29284747069568,0.813714835241315,0
DTLZ2,5,1.31639187279393,0.870240493968926,0
DTLZ2,6,1.33754558814086,0.813366735895785,0
DTLZ2,7,1.41706787521847,0.806266348788124,0
DTLZ2,8,1.42743839766731,0.735101901004528,0
DTLZ2,9,1.27241131440417,0.831567431800558,0
DTLZ2,10,1.39749304393539,0.857675125901743,0
DTLZ2,11,1.46659418118032,0.819790795548624,0
DTLZ2,12,1.50496549472578,0.808286472404823,0
DTLZ2,13,1.37196545182272,0.876547926936493,0
DTLZ2,14,1.42113030889369,0.814531233526392,0
DTLZ2,15,1.2604145409558,0.726991219130844,0
DTLZ2,16,1.29140448156121,0.889408947163447,0
DTLZ2,17,1.34676929788281,0.837922231134048,0
DTLZ2,18,1.38532599365199,0.732910690782953,0
DTLZ2,19,1.33256546152679,0.805569338962551,0
DTLZ2,20,1.35319083912317,0.811409911567001,0
DTLZ3,1,1099.59574880811,493.935877661592,0
DTLZ3,2,1118.89510765764,485.970113194859,0
DTLZ3,3,1083.06985249132,487.277433089685,0
DTLZ3,4,991.863617825085,519.316573505354,0
DTLZ3,5,1030.6584541899,719.137518684001,0
DTLZ3,6,1063.7330630534,512.900643523041,0
DTLZ3,7,1242.14226926931,812.529302186938,0
DTLZ3,8,1033.15188202615,748.212724556493,0
DTLZ3,9,1125.59189749629,678.950732248815,0
DTLZ3,10,1058.05427758001,582.804561070002,0
DTLZ3,11,999.578009008654,676.202839376619,0
DTLZ3,12,1008.11746539971,551.668487009577,0
DTLZ3,13,1112.73343807475,609.266917528622,0
DTLZ3,14,848.378770900345,519.766865652265,0
DTLZ3,15,1226.1262890206,571.860233524653,0
DTLZ3,16,872.321583480407,556.908712245653,0
DTLZ3,17,1072.54765316098,547.633616082536,0
DTLZ3,18,899.547905901897,637.578653847867,0
DTLZ3,19,1053.03232075776,629.574310543809,0
DTLZ3,20,981.505730819679,509.245015130568,0
DTLZ4,1,1.41406778354702,0.857347087134118,0
DTLZ4,2,1.47397012150197,0.761875699298314,0
DTLZ4,3,1.49232905151752,0.9269415904194,0
DTLZ4,4,1.39602431462489,0.58093877563461,0
DTLZ4,5,1.4001893890056,0.849887125271994,0
DTLZ4,6,1.30833858823984,0.753281171672399,0
DTLZ4,7,1.37707359556548,0.77967497306787,0
DTLZ4,8,1.36665800286713,0.859654413635443,0
DTLZ4,9,1.41860496495666,0.741384734877107,0
DTLZ4,10,1.53158701596592,0.646365111546771,0
DTLZ4,11,1.45743381442729,0.761410704048727,0
DTLZ4,12,1.32409380153563,0.807982067834852,0
DTLZ4,13,1.35392216171834,0.669398721987284,0
DTLZ4,14,1.25425356751964,0.754899409217294,0
DTLZ4,15,1.38737089613805,1.03341455185284,0
DTLZ4,16,1.43413825171654,0.891935523458786,0
DTLZ4,17,1.33735083033177,0.718075265732038,0
DTLZ4,18,1.41939256680611,0.837227766308018,0
DTLZ4,19,1.49605205673447,0.781048206067064,0
DTLZ4,20,1.41984313542319,0.830170825777409,0
DTLZ5,1,0.719371558923944,0.342384601473343,0
DTLZ5,2,0.839673327622246,0.424513924892368,0
DTLZ5,3,0.886910688576465,0.39876950367254,0
DTLZ5,4,0.697798818598908,0.36472484754647,0
DTLZ5,5,0.801600041551242,0.39965370872222,0
DTLZ5,6,0.812272164363356,0.367796419607553,0
DTLZ5,7,0.760947251429711,0.519219589345327,0
DTLZ5,8,0.719429520633002,0.366809568691444,0
DTLZ5,9,0.857709028879629,0.305326006859363,0
DTLZ5,10,0.895044776130766,0.376982596561148,0
DTLZ5,11,0.691169028182231,0.342255095084341,0
DTLZ5,12,0.836612896847963,0.541964636238834,0
DTLZ5,13,0.736234311321123,0.475933955528949,0
DTLZ5,14,0.68808027282572,0.439077849545117,0
DTLZ5,15,0.770197449440162,0.405682979489335,0
DTLZ5,16,0.850336774291955,0.328199818084587,0
DTLZ5,17,0.900087681536521,0.571371271881118,0
DTLZ5,18,0.884267764281114,0.418990674376299,0
DTLZ5,19,0.691811119558196,0.323000677897343,0
DTLZ5,20,0.829485845059354,0.637855148183751,0
DTLZ6,1,13.6195329895469,10.7400076964196,0
DTLZ6,2,13.5984613494622,12.2605268784934,0
DTLZ6,3,13.7400130180627,12.0953680476868,0
DTLZ6,4,13.2283133302052,11.8279834812402,0
DTLZ6,5,13.7226042529218,11.1612397068478,0
DTLZ6,6,13.9475637552296,10.5742733908837,0
DTLZ6,7,13.8865129447951,11.1793476918505,0
DTLZ6,8,13.6612627728312,9.91864554033211,0
DTLZ6,9,13.7374429708935,11.13437228932,0
DTLZ6,10,13.9141532992335,10.5463738469171,0
DTLZ6,11,13.6868967162046,10.5391605775619,0
DTLZ6,12,13.668032098847,11.7814195499539,0
DTLZ6,13,13.6504105255737,10.8673230831131,0
DTLZ6,14,13.8052937218697,10.1593798016115,0
DTLZ6,15,13.8855319139599,11.214221928466,0
DTLZ6,16,13.8724452562341,11.2812049362883,0
DTLZ6,17,13.8764635835654,11.1331261474961,0
DTLZ6,18,13.7625956361725,10.3055761150472,0
DTLZ6,19,13.8289951637916,11.8613541047336,0
DTLZ6,20,13.6391724270166,10.7416134461053,0
DTLZ7,1,48.9256580405599,22.3254066649871,0
DTLZ7,2,47.0153345268522,20.5238286712226,0
DTLZ7,3,39.6018830384233,18.4618167104415,0
DTLZ7,4,48.4894462988041,16.3045060866414,0
DTLZ7,5,49.0172431778664,19.2733245344894,0
DTLZ7,6,42.1485436255017,18.5982573656406,0
DTLZ7,7,41.1611612400984,19.2049127150803,0
DTLZ7,8,45.1482746012754,20.4963233095288,0
DTLZ7,9,44.089765607513,24.4323312575228,0
DTLZ7,10,44.0440372934356,18.5280107785979,0
DTLZ7,11,42.543772595018,16.5087358745854,0
DTLZ7,12,45.965677568611,22.0243888698928,0
DTLZ7,13,43.8992384264275,17.3246883006598,0
DTLZ7,14,39.1738303665768,17.0285735669813,0
DTLZ7,15,46.2553395354671,13.1481695780465,0
DTLZ7,16,51.9906342156036,16.545066766235,0
DTLZ7,17,47.7741966199057,21.492497273096,0
DTLZ7,18,41.0450119043328,14.9104408201126,0
DTLZ7,19,46.5404269542235,16.0390542886543,0
DTLZ7,20,46.0016825897286,17.0490951976515,0
WFG1,1,3.78431295027188,3.46814833196009,0
WFG1,2,3.73922166732511,3.62079456779537,0
WFG1,3,3.76923290375802,3.58996130458039,0
WFG1,4,3.69134778802183,3.6332591725421,0
WFG1,5,3.66857211755137,3.42281040423642,0
WFG1,6,3.71745927789862,3.59302975657373,0
WFG1,7,3.81586775672305,3.61644834211463,0
WFG1,8,3.76622510491306,3.56677047001566,0
WFG1,9,3.7818554888493,3.63572941769976,0
WFG1,10,3.78621731932788,3.65775848784288,0
WFG1,11,3.75917961031828,3.58637946257819,0
WFG1,12,3.77565147237677,3.66370757690788,0
WFG1,13,3.77778701253687,3.60026387505756,0
WFG1,14,3.78316342416916,3.4633881953722,0
WFG1,15,3.73512651288996,3.50192128961056,0
WFG1,16,3.78062084660613,3.68374450741875,0
WFG1,17,3.79522133086073,3.6337841389854,0
WFG1,18,3.80011413980044,3.52566619129793,0
WFG1,19,3.77405806202121,3.64082657960244,0
WFG1,20,3.79477903814754,3.40196684486202,0
WFG2,1,8.03517417449758,5.45557220212943,0
WFG2,2,5.9837780275832,2.3026466776958,0
WFG2,3,6.46047751635706,3.22325363574345,0
WFG2,4,6.56506006804829,2.22329497664124,0
WFG2,5,5.14918782528588,2.36854195473976,0
WFG2,6,8.3124941415149,3.20483584775441,0
WFG2,7,7.57441531347043,2.17429848200319,0
WFG2,8,3.69155659666063,2.5208517221721,0
WFG2,9,7.19064598257353,3.75465934980191,0
WFG2,10,6.89367174800727,2.10800778681678,0
WFG2,11,7.78475513455024,3.43425973536004,0
WFG2,12,7.39131409172992,3.11755557764177,0
WFG2,13,8.38805765153849,6.23303099677732,0
WFG2,14,5.05042827447044,3.10903123471383,0
WFG2,15,4.71438010687423,3.19406788980362,0
WFG2,16,5.10729916954166,2.19188049163267,0
WFG2,17,7.92836982755312,2.65303485093938,0
WFG2,18,6.64088514645367,2.21477098560168,0
WFG2,19,5.47919188826827,2.238223669149,0
WFG2,20,4.94386283378054,2.66532113993589,0
WFG3,1,2.27226630031468,2.14966120401533,0
WFG3,2,2.22049660884732,2.03183631469009,0
WFG3,3,2.36764948114188,2.08494910418117,0
WFG3,4,2.36368437976586,2.16505153621692,0
WFG3,5,2.16099324774076,2.11929289793717,0
WFG3,6,2.2362173902953,2.10398980023862,0
WFG3,7,2.39833295867343,2.06157238346392,0
WFG3,8,2.34913401808064,1.91133258693763,0
WFG3,9,2.38269021639112,1.97618579346839,0
WFG3,10,2.33319653651463,1.95052390205232,0
WFG3,11,2.25979750076843,2.00946457105085,0
WFG3,12,2.36882576478307,2.02562465369862,0
WFG3,13,2.35871754438902,1.84199684255782,0
WFG3,14,2.32666254228032,2.20297665427929,0
WFG3,15,2.29353313421779,2.04086085581486,0
WFG3,16,2.20513681023482,1.89766551115491,0
WFG3,17,2.24020600910767,2.06478213830505,0
WFG3,18,2.34766495113616,2.15381216111352,0
WFG3,19,2.44952176902929,2.23324515859926,0
WFG3,20,2.1718503359086,2.12085429793154,0
WFG4,1,17.2362951464319,10.9894601854162,0
WFG4,2,17.3666658067613,11.2301609980041,0
WFG4,3,16.5586892601974,14.607339700485,0
WFG4,4,18.0009664419393,12.5370994086735,0
WFG4,5,17.597560315176,13.2244788679386,0
WFG4,6,17.7386250904147,13.339228510981,0
WFG4,7,16.9069803614256,11.2210936383403,0
WFG4,8,16.7245089628105,14.4258243004962,0
WFG4,9,16.3091169192565,9.31012412429816,0
WFG4,10,17.102521153673,11.6990362502259,0
WFG4,11,16.9106993956067,12.15358308165,0
WFG4,12,17.1197998958937,10.0123712485555,0
WFG4,13,17.6517386888236,13.7993813314018,0
WFG4,14,17.4739939629297,10.8379014736546,0
WFG4,15,17.449904908851,11.0390664966904,0
WFG4,16,16.6245011805829,11.3669179896429,0
WFG4,17,16.9494686783512,11.3461254400685,0
WFG4,18,16.8447482190728,12.2704419355833,0
WFG4,19,17.0180139924951,10.4412267067519,0
WFG4,20,16.2789769601194,10.7818556575729,0
WFG5,1,14.2846076651604,11.2789392506468,0
WFG5,2,14.1121936543744,10.9223625930788,0
WFG5,3,13.9700328598425,9.65436890631267,0
WFG5,4,15.5743867283963,13.3993907446799,0
WFG5,5,15.2694490126603,12.0276628496206,0
WFG5,6,13.5447914478181,9.78941357215385,0
WFG5,7,14.6897713732167,10.347238949888,0
WFG5,8,16.1549199379432,12.5161340779229,0
WFG5,9,13.562999290987,11.7147305304546,0
WFG5,10,14.184777047384,10.9474228230754,0
WFG5,11,14.8813290768379,12.3474661254303,0
WFG5,12,14.8791777689192,9.92996630070878,0
WFG5,13,12.5369036717781,10.9317468250857,0
WFG5,14,13.5175376779923,11.0199821166226,0
WFG5,15,14.0148433277682,11.877768414456,0
WFG5,16,14.2004602584121,10.7434418384033,0
WFG5,17,14.9911563759687,10.9206635905243,0
WFG5,18,14.3194228025517,11.2461701765376,0
WFG5,19,14.7527405654677,12.0994688529846,0
WFG5,20,14.1197382044817,12.0209641214089,0
WFG6,1,14.0872119155677,8.92523052317736,0
WFG6,2,15.1938291771344,9.52789823725768,0
WFG6,3,15.5824284192046,8.40504972510507,0
WFG6,4,14.5709464879964,7.11952306663418,0
WFG6,5,14.6180693413734,7.81961019851216,0
WFG6,6,15.4574405669392,7.98200113444976,0
WFG6,7,13.7460892927954,9.63314805173721,0
WFG6,8,16.0020770280878,7.13618525185151,0
WFG6,9,16.0849828882129,8.63179773973777,0
WFG6,10,12.4408202960696,9.0813201474421,0
WFG6,11,13.9463915738089,8.32257072002315,0
WFG6,12,15.2340442511183,7.50999761472996,0
WFG6,13,14.5414685822439,8.33622967060103,0
WFG6,14,14.6023737283073,8.03973810901752,0
WFG6,15,14.5927541936798,7.24769767100081,0
WFG6,16,15.4258732335895,8.67007657890913,0
WFG6,17,14.2821451477645,8.29036822656104,0
WFG6,18,14.430797831185,7.6260722467938,0
WFG6,19,14.3487514712838,5.80000692766714,0
WFG6,20,15.5773858876342,7.72183982965009,0
WFG7,1,14.5967532660423,10.3530500673583,0
WFG7,2,12.3473817454609,8.43312734194191,0
WFG7,3,15.2726248600528,10.2841365532115,0
WFG7,4,14.3076457613478,9.3673993905021,0
WFG7,5,14.4918526110428,9.20072596252801,0
WFG7,6,16.166600757312,9.44188299232412,0
WFG7,7,14.016469249359,10.0932249214314,0
WFG7,8,15.0901142889788,10.573067119679,0
WFG7,9,15.5354754370483,9.39845696053271,0
WFG7,10,16.0455446413318,10.4309839710947,0
WFG7,11,16.486411001747,10.224427288423,0
WFG7,12,16.8053217615835,9.99962753720548,0
WFG7,13,16.0775716664738,9.54823963996083,0
WFG7,14,13.361041117615,9.11565041447112,0
WFG7,15,16.4412247642323,9.45869211638727,0
WFG7,16,15.1980219667688,10.0938893227113,0
WFG7,17,16.3700470743009,9.59038538401616,0
WFG7,18,16.29764793318,9.21514587988447,0
WFG7,19,16.5939701255137,9.25169802556157,0
WFG7,20,14.2722889400848,9.68140220788222,0
WFG8,1,14.6065452281134,10.850397975102,0
WFG8,2,14.0022596552705,8.15653569564077,0
WFG8,3,14.7011724874671,9.26150527287898,0
WFG8,4,15.2378612733721,10.0686925973536,0
WFG8,5,15.554257165864,10.3056864892179,0
WFG8,6,15.2680829501051,8.54753510229931,0
WFG8,7,15.0393321177031,9.56250206492395,0
WFG8,8,14.4057585953472,10.5358220861099,0
WFG8,9,14.0532469380504,8.27944108641571,0
WFG8,10,14.6837759450826,10.205791976381,0
WFG8,11,14.8312194542783,9.67952714187459,0
WFG8,12,14.3710657053747,10.4492479450451,0
WFG8,13,15.3911753122236,10.323922339522,0
WFG8,14,16.0541119139715,10.6400185374721,0
WFG8,15,14.3347915566084,10.6107362672793,0
WFG8,16,15.0302135384629,11.7834441502995,0
WFG8,17,14.5733433641665,10.4754953363291,0
WFG8,18,15.329641481896,10.2204726396572,0
WFG8,19,15.2766757757995,9.29983958548703,0
WFG8,20,15.7467551521549,10.3320734034237,0
WFG9,1,14.865042978912,11.6516925880176,0
WFG9,2,15.2986250666226,10.3710753872483,0
WFG9,3,15.9928505611377,10.937890166178,0
WFG9,4,17.0772794681668,12.6374529161706,0
WFG9,5,15.7407356540834,11.561611036527,0
WFG9,6,15.2745019654265,9.91198266296745,0
WFG9,7,15.7100504376129,13.3973256666564,0
WFG9,8,14.0401146399967,12.4838113117874,0
WFG9,9,14.9122567987246,12.0648490894486,0
WFG9,10,16.2547809962889,9.82595208805598,0
WFG9,11,14.3064841733673,11.5131677986228,0
WFG9,12,15.5761251857011,9.98894021965458,0
WFG9,13,14.3865328181015,12.9296008928422,0
WFG9,14,16.7979274446107,13.2490749620605,0
WFG9,15,15.8930312290976,13.6712654081057,0
WFG9,16,14.3439025943474,10.9037911912251,0
WFG9,17,14.7350278812933,11.8555066726873,0
WFG9,18,15.1988275540957,11.4154878699747,0
WFG9,19,16.0801343933103,13.1519145734602,0
WFG9,20,15.5077130427233,13.3512130500383,0
