Problem,Run,Arm,IGD_ratio_to_V1
DTLZ2,1,V0_REMO_RULE,0.8957163443266338
DTLZ2,2,V0_REMO_RULE,1.028648907858405
DTLZ2,3,V0_REMO_RULE,0.9704456354583821
DTLZ2,4,V0_REMO_RULE,0.9980416755670577
DTLZ2,5,V0_REMO_RULE,1.0427451540536794
DTLZ2,6,V0_REMO_RULE,1.0528175071309491
DTLZ2,7,V0_REMO_RULE,0.9602281576670251
DTLZ2,8,V0_REMO_RULE,0.9324612167084463
DTLZ2,9,V0_REMO_RULE,1.0306947778684958
DTLZ2,10,V0_REMO_RULE,0.9846666918616879
DTLZ2,1,V2_EXPLORE_ONLY,1.0041607154893628
DTLZ2,2,V2_EXPLORE_ONLY,1.0131052403859822
DTLZ2,3,V2_EXPLORE_ONLY,1.0125459641615793
DTLZ2,4,V2_EXPLORE_ONLY,1.0201897437370397
DTLZ2,5,V2_EXPLORE_ONLY,0.9644718656591545
DTLZ2,6,V2_EXPLORE_ONLY,0.9905327571153498
DTLZ2,7,V2_EXPLORE_ONLY,0.9925263212594515
DTLZ2,8,V2_EXPLORE_ONLY,0.9951224786648762
DTLZ2,9,V2_EXPLORE_ONLY,0.9854932220431871
DTLZ2,10,V2_EXPLORE_ONLY,1.00554516884126
DTLZ2,1,V3_INDICATOR_ONLY,0.8827816667921007
DTLZ2,2,V3_INDICATOR_ONLY,0.9599542613738576
DTLZ2,3,V3_INDICATOR_ONLY,0.9849807582906277
DTLZ2,4,V3_INDICATOR_ONLY,0.869383285124774
DTLZ2,5,V3_INDICATOR_ONLY,0.930835065405509
DTLZ2,6,V3_INDICATOR_ONLY,0.9366715020341275
DTLZ2,7,V3_INDICATOR_ONLY,0.8506608944754108
DTLZ2,8,V3_INDICATOR_ONLY,0.8977724000408746
DTLZ2,9,V3_INDICATOR_ONLY,0.9443813205010688
DTLZ2,10,V3_INDICATOR_ONLY,0.8756874183155472
DTLZ2,1,V4_FULL,0.8765708121666715
DTLZ2,2,V4_FULL,0.8927717376463374
DTLZ2,3,V4_FULL,0.96144962726476
DTLZ2,4,V4_FULL,0.9031333561718917
DTLZ2,5,V4_FULL,0.9680442161344012
DTLZ2,6,V4_FULL,0.8968480099151044
DTLZ2,7,V4_FULL,0.8784478095332532
DTLZ2,8,V4_FULL,0.9250353973530634
DTLZ2,9,V4_FULL,0.9144162922047318
DTLZ2,10,V4_FULL,0.9020289082249593
DTLZ7,1,V0_REMO_RULE,2.184703017148688
DTLZ7,2,V0_REMO_RULE,0.8393850483502336
DTLZ7,3,V0_REMO_RULE,1.7669214170758445
DTLZ7,4,V0_REMO_RULE,1.6247545801599912
DTLZ7,5,V0_REMO_RULE,1.6932715316298943
DTLZ7,6,V0_REMO_RULE,1.577340062517948
DTLZ7,7,V0_REMO_RULE,1.5135076206237872
DTLZ7,8,V0_REMO_RULE,1.4418999800316024
DTLZ7,9,V0_REMO_RULE,1.33316716933709
DTLZ7,10,V0_REMO_RULE,1.8145784694170501
DTLZ7,1,V2_EXPLORE_ONLY,1.1007763222232685
DTLZ7,2,V2_EXPLORE_ONLY,0.6811225554331044
DTLZ7,3,V2_EXPLORE_ONLY,1.7733039203611336
DTLZ7,4,V2_EXPLORE_ONLY,0.8067981181355643
DTLZ7,5,V2_EXPLORE_ONLY,1.0597185085761753
DTLZ7,6,V2_EXPLORE_ONLY,0.8833312814423426
DTLZ7,7,V2_EXPLORE_ONLY,1.1627224781720662
DTLZ7,8,V2_EXPLORE_ONLY,0.7569529959636555
DTLZ7,9,V2_EXPLORE_ONLY,1.9595462752640729
DTLZ7,10,V2_EXPLORE_ONLY,1.9585728402826001
DTLZ7,1,V3_INDICATOR_ONLY,1.8806186805398217
DTLZ7,2,V3_INDICATOR_ONLY,1.0975519476311657
DTLZ7,3,V3_INDICATOR_ONLY,1.796715166203032
DTLZ7,4,V3_INDICATOR_ONLY,2.5595597619520865
DTLZ7,5,V3_INDICATOR_ONLY,1.8478978932387764
DTLZ7,6,V3_INDICATOR_ONLY,2.520056394359849
DTLZ7,7,V3_INDICATOR_ONLY,2.193028497147312
DTLZ7,8,V3_INDICATOR_ONLY,1.7107425569319847
DTLZ7,9,V3_INDICATOR_ONLY,1.6185102800133833
DTLZ7,10,V3_INDICATOR_ONLY,2.3443129008460026
DTLZ7,1,V4_FULL,1.4497353488008367
DTLZ7,2,V4_FULL,0.5615335176000146
DTLZ7,3,V4_FULL,1.3415981553101397
DTLZ7,4,V4_FULL,1.4755492038505027
DTLZ7,5,V4_FULL,1.1537907567214667
DTLZ7,6,V4_FULL,1.3101775923607828
DTLZ7,7,V4_FULL,1.8798452653282312
DTLZ7,8,V4_FULL,0.9875223349040912
DTLZ7,9,V4_FULL,1.0711542925079172
DTLZ7,10,V4_FULL,0.9769595996457812
WFG3,1,V0_REMO_RULE,0.8991133118517483
WFG3,2,V0_REMO_RULE,0.9758942057783062
WFG3,3,V0_REMO_RULE,0.9927269078293895
WFG3,4,V0_REMO_RULE,0.9498451059264652
WFG3,5,V0_REMO_RULE,0.9104631592256243
WFG3,6,V0_REMO_RULE,0.9500160275238749
WFG3,7,V0_REMO_RULE,0.9644259462964284
WFG3,8,V0_REMO_RULE,0.9550665260493534
WFG3,9,V0_REMO_RULE,0.9092165100328297
WFG3,10,V0_REMO_RULE,0.9684991168898182
WFG3,1,V2_EXPLORE_ONLY,1.006644304833718
WFG3,2,V2_EXPLORE_ONLY,0.9973751952082346
WFG3,3,V2_EXPLORE_ONLY,1.0616680016870113
WFG3,4,V2_EXPLORE_ONLY,0.9956133989501365
WFG3,5,V2_EXPLORE_ONLY,0.9258448947154496
WFG3,6,V2_EXPLORE_ONLY,0.999444799692686
WFG3,7,V2_EXPLORE_ONLY,0.9795920080743117
WFG3,8,V2_EXPLORE_ONLY,0.9520156735502173
WFG3,9,V2_EXPLORE_ONLY,0.9368642422388805
WFG3,10,V2_EXPLORE_ONLY,0.9815316653092424
WFG3,1,V3_INDICATOR_ONLY,0.986384314325844
WFG3,2,V3_INDICATOR_ONLY,0.9427176547145367
WFG3,3,V3_INDICATOR_ONLY,1.0343048641467143
WFG3,4,V3_INDICATOR_ONLY,0.9519359076107962
WFG3,5,V3_INDICATOR_ONLY,0.9154707849233352
WFG3,6,V3_INDICATOR_ONLY,0.8845231179539305
WFG3,7,V3_INDICATOR_ONLY,0.9824151376696304
WFG3,8,V3_INDICATOR_ONLY,0.9129757392047404
WFG3,9,V3_INDICATOR_ONLY,0.8821141353886095
WFG3,10,V3_INDICATOR_ONLY,0.890313228330695
WFG3,1,V4_FULL,0.9868584485945399
WFG3,2,V4_FULL,0.9969318995260034
WFG3,3,V4_FULL,0.998124730561426
WFG3,4,V4_FULL,0.9621688906188967
WFG3,5,V4_FULL,0.9317903567665172
WFG3,6,V4_FULL,0.9745403281286055
WFG3,7,V4_FULL,1.0284775436878144
WFG3,8,V4_FULL,0.9501924170249744
WFG3,9,V4_FULL,0.9047470051945758
WFG3,10,V4_FULL,0.9714733307043592
WFG7,1,V0_REMO_RULE,0.9722869366928785
WFG7,2,V0_REMO_RULE,1.0406272623671522
WFG7,3,V0_REMO_RULE,0.9482876417210638
WFG7,4,V0_REMO_RULE,0.990267901908628
WFG7,5,V0_REMO_RULE,0.9179095377964842
WFG7,6,V0_REMO_RULE,1.0235166597796221
WFG7,7,V0_REMO_RULE,0.9981984952590058
WFG7,8,V0_REMO_RULE,1.0206777618495306
WFG7,9,V0_REMO_RULE,1.010368461716814
WFG7,10,V0_REMO_RULE,0.9533654544916078
WFG7,1,V2_EXPLORE_ONLY,1.0044396360765355
WFG7,2,V2_EXPLORE_ONLY,1.0527506223640173
WFG7,3,V2_EXPLORE_ONLY,0.9200401028711633
WFG7,4,V2_EXPLORE_ONLY,1.1403574729612242
WFG7,5,V2_EXPLORE_ONLY,0.9127646875962268
WFG7,6,V2_EXPLORE_ONLY,0.9946349666770461
WFG7,7,V2_EXPLORE_ONLY,0.9693432516476209
WFG7,8,V2_EXPLORE_ONLY,1.0951644529036455
WFG7,9,V2_EXPLORE_ONLY,1.0148022241494494
WFG7,10,V2_EXPLORE_ONLY,1.0009514372953865
WFG7,1,V3_INDICATOR_ONLY,1.0196016608290888
WFG7,2,V3_INDICATOR_ONLY,1.1411922151808753
WFG7,3,V3_INDICATOR_ONLY,1.0179920413655816
WFG7,4,V3_INDICATOR_ONLY,1.0696698678739516
WFG7,5,V3_INDICATOR_ONLY,0.926763917792124
WFG7,6,V3_INDICATOR_ONLY,1.1097420229683703
WFG7,7,V3_INDICATOR_ONLY,1.0019023671421732
WFG7,8,V3_INDICATOR_ONLY,1.053457435301195
WFG7,9,V3_INDICATOR_ONLY,1.1164661115031798
WFG7,10,V3_INDICATOR_ONLY,1.0191872422466741
WFG7,1,V4_FULL,1.047073936093118
WFG7,2,V4_FULL,1.0172631997725943
WFG7,3,V4_FULL,0.9638932181488018
WFG7,4,V4_FULL,0.8927482328290958
WFG7,5,V4_FULL,0.9468729403712745
WFG7,6,V4_FULL,1.0051381392921817
WFG7,7,V4_FULL,0.9482683524239328
WFG7,8,V4_FULL,0.9433003440227781
WFG7,9,V4_FULL,1.039206662121753
WFG7,10,V4_FULL,0.8487289273500334
