M,Problem,Comparator,Comparator_mean,Comparator_SD,HPDC_mean,HPDC_SD,IGD_ratio,log2_ratio,source_symbol
10,DTLZ1,REMO,207.48,43.5,229.44,36.2,1.1058415268941586,0.14514465433846696,=
10,DTLZ1,PIEA,242.07,73.2,229.44,36.2,0.947825009294832,-0.07730736648741972,=
10,DTLZ1,MCEAD,235.31,45.4,229.44,36.2,0.9750541838425906,-0.03644570311333593,=
10,DTLZ1,R2AEA,272.06,24.9,229.44,36.2,0.8433433801367345,-0.24580792878128638,-
10,DTLZ1,PCSAEA,368.55,28.0,229.44,36.2,0.6225478225478225,-0.6837434292687787,-
10,DTLZ1,KRVEA,368.55,28.0,229.44,36.2,0.6225478225478225,-0.6837434292687787,-
10,DTLZ1,CSEA,222.81,49.6,229.44,36.2,1.029756294600781,0.04230294500837975,=
10,DTLZ2,REMO,1.0902,0.0926,1.0946,0.0888,1.0040359567051917,0.0058109362522163165,=
10,DTLZ2,PIEA,0.96871,0.0569,1.0946,0.0888,1.1299563336808747,0.17626702184464013,+
10,DTLZ2,MCEAD,1.0974,0.0608,1.0946,0.0888,0.9974485146710407,-0.0036857192623843595,=
10,DTLZ2,R2AEA,1.4611,0.0568,1.0946,0.0888,0.7491615905824379,-0.4166511601979237,-
10,DTLZ2,PCSAEA,1.5378,0.0687,1.0946,0.0888,0.7117960723110938,-0.49046412280524543,-
10,DTLZ2,KRVEA,1.5416,0.0616,1.0946,0.0888,0.7100415153087701,-0.49402471508823276,-
10,DTLZ2,CSEA,1.3229,0.0981,1.0946,0.0888,0.8274245974752438,-0.27330024859292285,-
10,DTLZ3,REMO,808.13,150.0,939.19,140.0,1.1621768774825834,0.2168296563908113,+
10,DTLZ3,PIEA,554.59,106.0,939.19,140.0,1.6934852774121423,0.7599954445841699,+
10,DTLZ3,MCEAD,574.99,131.0,939.19,140.0,1.6334023200403487,0.7078801819832079,+
10,DTLZ3,R2AEA,563.53,66.5,939.19,140.0,1.666619345908825,0.7369246319310926,+
10,DTLZ3,PCSAEA,1339.3,86.7,939.19,140.0,0.7012543866198762,-0.5119902045171649,-
10,DTLZ3,KRVEA,1357.4,110.0,939.19,140.0,0.6919036393104464,-0.5313569656511242,-
10,DTLZ3,CSEA,900.82,172.0,939.19,140.0,1.042594524988344,0.06017818899351825,=
10,DTLZ4,REMO,1.1487,0.105,1.1814,0.112,1.0284669626534342,0.04049545105139282,=
10,DTLZ4,PIEA,1.2452,0.0405,1.1814,0.112,0.9487632508833922,-0.07587996484646976,=
10,DTLZ4,MCEAD,1.2487,0.0191,1.1814,0.112,0.9461039481060304,-0.07992939422073156,-
10,DTLZ4,R2AEA,1.5944,0.072,1.1814,0.112,0.7409683893627697,-0.43251609821634823,-
10,DTLZ4,PCSAEA,1.7339,0.0589,1.1814,0.112,0.681354172674318,-0.5535231786812573,-
10,DTLZ4,KRVEA,1.7361,0.0676,1.1814,0.112,0.6804907551408329,-0.555352532868706,-
10,DTLZ4,CSEA,1.2198,0.0816,1.1814,0.112,0.9685194294146582,-0.0461471039431787,=
10,DTLZ5,REMO,0.62052,0.147,0.66049,0.147,1.0644137175272352,0.09005900818321111,=
10,DTLZ5,PIEA,0.29016,0.0354,0.66049,0.147,2.276295836779708,1.1866880684174765,+
10,DTLZ5,MCEAD,0.37432,0.0673,0.66049,0.147,1.7645063047659757,0.8192645850274455,+
10,DTLZ5,R2AEA,0.9865,0.0839,0.66049,0.147,0.6695286365940193,-0.5787823321105271,-
10,DTLZ5,PCSAEA,0.98455,0.0603,0.66049,0.147,0.6708547051952669,-0.5759277558719099,-
10,DTLZ5,KRVEA,0.99808,0.0484,0.66049,0.147,0.6617605803142033,-0.5956187389863958,-
10,DTLZ5,CSEA,0.76415,0.107,0.66049,0.147,0.8643460053654387,-0.2103191432643929,-
10,DTLZ6,REMO,16.378,0.73,14.463,1.1,0.883074856514837,-0.1793923574152775,-
10,DTLZ6,PIEA,5.4851,1.81,14.463,1.1,2.636779639386702,1.398777007513455,+
10,DTLZ6,MCEAD,8.9744,1.77,14.463,1.1,1.6115840613300054,0.6884794423229835,+
10,DTLZ6,R2AEA,13.116,1.22,14.463,1.1,1.1026989935956084,0.14103902872434532,+
10,DTLZ6,PCSAEA,18.023,0.17,14.463,1.1,0.8024746157687399,-0.3174723378969905,-
10,DTLZ6,KRVEA,18.042,0.158,14.463,1.1,0.8016295310941136,-0.31899243817775313,-
10,DTLZ6,CSEA,16.064,0.681,14.463,1.1,0.900336155378486,-0.15146433883336596,-
10,DTLZ7,REMO,21.252,2.44,12.122,2.8,0.5703933747412009,-0.8099708702646155,-
10,DTLZ7,PIEA,18.588,5.79,12.122,2.8,0.6521411663438778,-0.6167438023022698,-
10,DTLZ7,MCEAD,20.445,4.67,12.122,2.8,0.5929078014184397,-0.7541203152052732,-
10,DTLZ7,R2AEA,6.2038,1.22,12.122,2.8,1.9539636996679455,0.966403665466228,+
10,DTLZ7,PCSAEA,29.1,1.69,12.122,2.8,0.4165635738831615,-1.2633914054745536,-
10,DTLZ7,KRVEA,28.736,1.88,12.122,2.8,0.4218402004454343,-1.245231507532692,-
10,DTLZ7,CSEA,27.611,2.24,12.122,2.8,0.4390279236536163,-1.187615391948078,-
10,WFG1,REMO,3.2354,0.0874,3.1933,0.0279,0.9869876985844099,-0.01889599126127616,=
10,WFG1,PIEA,3.3433,0.0496,3.1933,0.0279,0.9551341488948044,-0.06622472053107421,-
10,WFG1,MCEAD,3.4587,0.0365,3.1933,0.0279,0.923265966981814,-0.1151817872411562,-
10,WFG1,R2AEA,3.1986,0.032,3.1933,0.0279,0.9983430250734696,-0.0023924922070316336,=
10,WFG1,PCSAEA,3.4196,0.0168,3.1933,0.0279,0.9338226693180488,-0.09877948326618434,-
10,WFG1,KRVEA,3.4256,0.021,3.1933,0.0279,0.9321870621205043,-0.10130860512155078,-
10,WFG1,CSEA,3.2723,0.0663,3.1933,0.0279,0.9758579592335666,-0.03525692294168452,-
10,WFG2,REMO,3.5108,1.08,2.1211,0.682,0.6041642930386237,-0.7269871736125634,-
10,WFG2,PIEA,2.371,0.469,2.1211,0.682,0.8946014339940954,-0.1606830239867109,-
10,WFG2,MCEAD,3.4836,0.977,2.1211,0.682,0.6088816167183374,-0.7157663389651585,-
10,WFG2,R2AEA,2.2469,0.113,2.1211,0.682,0.9440117495215631,-0.08312327886909922,-
10,WFG2,PCSAEA,3.5949,0.63,2.1211,0.682,0.5900303207321483,-0.7611390006740181,-
10,WFG2,KRVEA,3.878,0.6,2.1211,0.682,0.5469571944301187,-0.8705001646114954,-
10,WFG2,CSEA,3.5554,1.03,2.1211,0.682,0.5965854756145582,-0.7451992404356943,-
10,WFG3,REMO,1.5188,0.101,1.7006,0.0587,1.1196997629707663,0.16311193894305545,+
10,WFG3,PIEA,1.1823,0.149,1.7006,0.0587,1.4383828131607883,0.5244476877031548,+
10,WFG3,MCEAD,1.2551,0.0456,1.7006,0.0587,1.3549517966695879,0.43824152763616553,+
10,WFG3,R2AEA,1.5946,0.0499,1.7006,0.0587,1.0664743509344035,0.09284926879642849,+
10,WFG3,PCSAEA,1.6472,0.0393,1.7006,0.0587,1.0324186498300145,0.0460281079298904,+
10,WFG3,KRVEA,1.6496,0.0464,1.7006,0.0587,1.0309165858389913,0.04392760519403626,+
10,WFG3,CSEA,1.5723,0.0805,1.7006,0.0587,1.0816002035235006,0.11316732820307278,+
10,WFG4,REMO,8.177,0.993,6.6311,0.638,0.8109453344747463,-0.30232342870657075,-
10,WFG4,PIEA,5.7766,0.586,6.6311,0.638,1.1479243845860887,0.199027612766613,+
10,WFG4,MCEAD,7.1626,0.87,6.6311,0.638,0.9257951023371401,-0.11123516441635044,=
10,WFG4,R2AEA,5.7901,0.316,6.6311,0.638,1.1452479231792196,0.19565994663958589,+
10,WFG4,PCSAEA,9.139,0.455,6.6311,0.638,0.7255826676879309,-0.46278810089981676,-
10,WFG4,KRVEA,9.27,0.398,6.6311,0.638,0.7153290183387271,-0.4833211271990825,-
10,WFG4,CSEA,9.0803,0.862,6.6311,0.638,0.7302732288580774,-0.45349175121276,-
10,WFG5,REMO,6.9444,0.514,5.9732,0.4,0.8601463049363517,-0.21734602175396261,-
10,WFG5,PIEA,5.7544,0.259,5.9732,0.4,1.0380230779924926,0.053838518970560294,=
10,WFG5,MCEAD,6.6193,0.395,5.9732,0.4,0.9023914915474447,-0.14817462994340477,-
10,WFG5,R2AEA,6.5834,0.462,5.9732,0.4,0.9073123310143695,-0.14032882876400538,-
10,WFG5,PCSAEA,7.075,0.197,5.9732,0.4,0.8442685512367492,-0.24422611975651623,-
10,WFG5,KRVEA,6.9475,0.247,5.9732,0.4,0.8597625044980209,-0.2179899012378334,-
10,WFG5,CSEA,7.1022,0.409,5.9732,0.4,0.8410351722001634,-0.2497619594512903,-
10,WFG6,REMO,6.4255,0.479,5.2773,0.201,0.8213057349622598,-0.28400872281583395,-
10,WFG6,PIEA,5.936,0.403,5.2773,0.201,0.8890330188679246,-0.16969109284874972,-
10,WFG6,MCEAD,7.2512,0.673,5.2773,0.201,0.7277829876434246,-0.45841976716109967,-
10,WFG6,R2AEA,5.256,0.132,5.2773,0.201,1.0040525114155252,0.005834723449723933,=
10,WFG6,PCSAEA,7.371,0.374,5.2773,0.201,0.715954415954416,-0.4820603593112675,-
10,WFG6,KRVEA,7.3224,0.302,5.2773,0.201,0.7207063257948214,-0.4725165866403966,-
10,WFG6,CSEA,7.4553,0.514,5.2773,0.201,0.7078588386785241,-0.4984664083691173,-
10,WFG7,REMO,6.2812,0.742,5.2969,0.257,0.8432942749793033,-0.24589193469318232,-
10,WFG7,PIEA,6.9139,0.504,5.2969,0.257,0.7661233167965982,-0.3843514648626139,-
10,WFG7,MCEAD,8.1581,0.629,5.2969,0.257,0.6492810826050184,-0.623084919142343,-
10,WFG7,R2AEA,6.4875,0.409,5.2969,0.257,0.8164778420038535,-0.2925143611701094,-
10,WFG7,PCSAEA,7.8445,0.381,5.2969,0.257,0.6752374274969724,-0.5665332219918914,-
10,WFG7,KRVEA,7.8642,0.42,5.2969,0.257,0.6735459423717606,-0.5701517400366716,-
10,WFG7,CSEA,7.3904,0.615,5.2969,0.257,0.7167271054340767,-0.4805041789991782,-
10,WFG8,REMO,7.0559,0.506,5.693,0.266,0.8068425006023328,-0.30964101466319743,-
10,WFG8,PIEA,6.3573,0.499,5.693,0.266,0.895505953785412,-0.1592250708635802,-
10,WFG8,MCEAD,7.4671,0.472,5.693,0.266,0.7624111100695048,-0.3913589521277126,-
10,WFG8,R2AEA,5.5601,0.119,5.693,0.266,1.0239024477977015,0.034078269261082775,=
10,WFG8,PCSAEA,7.5364,0.273,5.693,0.266,0.755400456451356,-0.4046864393593313,-
10,WFG8,KRVEA,7.4984,0.301,5.693,0.266,0.7592286354422276,-0.39739368810340614,-
10,WFG8,CSEA,7.7877,0.346,5.693,0.266,0.7310245643771588,-0.45200820948983855,-
10,WFG9,REMO,7.6476,0.761,6.3788,0.611,0.8340917411998536,-0.2617220214152519,-
10,WFG9,PIEA,5.793,0.372,6.3788,0.611,1.101122043846021,0.13897438015887895,+
10,WFG9,MCEAD,7.0825,0.696,6.3788,0.611,0.9006424285210025,-0.15097365143477526,-
10,WFG9,R2AEA,6.4412,0.315,6.3788,0.611,0.9903123641557473,-0.014044443291480644,=
10,WFG9,PCSAEA,7.7853,0.444,6.3788,0.611,0.8193390106996519,-0.2874675882491632,-
10,WFG9,KRVEA,7.7844,0.365,6.3788,0.611,0.8194337392734187,-0.28730079948146087,-
10,WFG9,CSEA,8.1835,0.307,6.3788,0.611,0.779470886539989,-0.35943295602942316,-
20,DTLZ1,REMO,67.408,19.3,79.755,10.9,1.1831681699501542,0.24265514612910502,+
20,DTLZ1,PIEA,93.984,18.2,79.755,10.9,0.8486018896833504,-0.23684020363349165,-
20,DTLZ1,MCEAD,76.364,36.1,79.755,10.9,1.0444057409250431,0.06268229304041881,=
20,DTLZ1,R2AEA,109.65,16.2,79.755,10.9,0.7273597811217509,-0.4592589397569589,-
20,DTLZ1,KRVEA,157.56,19.8,79.755,10.9,0.5061881188118812,-0.982254449810046,-
20,DTLZ1,CSEA,79.813,19.9,79.755,10.9,0.9992733013418865,-0.0010487856720225285,=
20,DTLZ1,HES_EA,165.95,18.5,79.755,10.9,0.4805965652304911,-1.0571017571616652,-
20,DTLZ2,REMO,1.1173,0.0545,1.135,0.0489,1.015841761389063,0.022675689670285683,=
20,DTLZ2,PIEA,1.1636,0.0217,1.135,0.0489,0.9754211069095909,-0.03590290403466669,-
20,DTLZ2,MCEAD,1.2196,0.0296,1.135,0.0489,0.9306329944244014,-0.10371575794410874,-
20,DTLZ2,R2AEA,1.3157,0.0447,1.135,0.0489,0.8626586607889336,-0.21313827221650639,-
20,DTLZ2,KRVEA,1.3465,0.0276,1.135,0.0489,0.8429261047159302,-0.24652193232339448,-
20,DTLZ2,CSEA,1.1817,0.0561,1.135,0.0489,0.9604806634509605,-0.05817152526955955,-
20,DTLZ2,HES_EA,1.3478,0.037,1.135,0.0489,0.8421130731562546,-0.24791413341362112,-
20,DTLZ3,REMO,266.46,71.3,285.68,68.4,1.0721309014486229,0.10048106189779693,=
20,DTLZ3,PIEA,259.97,11.5,285.68,68.4,1.098896026464592,0.1360548901997745,=
20,DTLZ3,MCEAD,121.68,112.0,285.68,68.4,2.3477975016436554,1.2313079808615688,+
20,DTLZ3,R2AEA,307.21,59.3,285.68,68.4,0.929917645909964,-0.10482513898729766,=
20,DTLZ3,KRVEA,517.89,75.5,285.68,68.4,0.5516229315105524,-0.8582456625298592,-
20,DTLZ3,CSEA,255.14,68.2,285.68,68.4,1.119698988790468,0.1631109414377418,=
20,DTLZ3,HES_EA,543.69,80.4,285.68,68.4,0.5254464860490352,-0.9283842540928061,-
20,DTLZ4,REMO,1.0368,0.0426,1.0578,0.0534,1.0202546296296298,0.028929257156713274,=
20,DTLZ4,PIEA,1.1269,0.0603,1.0578,0.0534,0.9386813381843997,-0.09129261735625212,-
20,DTLZ4,MCEAD,1.2852,0.0378,1.0578,0.0534,0.8230625583566761,-0.2809260054300741,-
20,DTLZ4,R2AEA,1.2275,0.0562,1.0578,0.0534,0.8617515274949084,-0.21465614404807995,-
20,DTLZ4,KRVEA,1.2558,0.0334,1.0578,0.0534,0.8423315814620163,-0.2475398369355275,-
20,DTLZ4,CSEA,1.061,0.0481,1.0578,0.0534,0.9969839773798305,-0.004357775760789154,=
20,DTLZ4,HES_EA,1.2647,0.0273,1.0578,0.0534,0.8364038902506524,-0.25772832273477225,-
20,DTLZ5,REMO,0.27068,0.0525,0.30345,0.0665,1.1210654647554308,0.1648705269572343,=
20,DTLZ5,PIEA,0.15237,0.0226,0.30345,0.0665,1.9915337664894663,0.9938799408288473,+
20,DTLZ5,MCEAD,0.15161,0.0426,0.30345,0.0665,2.0015170503264956,1.0010939056663493,+
20,DTLZ5,R2AEA,0.44572,0.0726,0.30345,0.0665,0.6808085793771874,-0.5546788772716341,-
20,DTLZ5,KRVEA,0.41362,0.047,0.30345,0.0665,0.7336444079106427,-0.4468471261651185,-
20,DTLZ5,CSEA,0.29,0.0536,0.30345,0.0665,1.0463793103448276,0.06540592037714225,=
20,DTLZ5,HES_EA,0.41158,0.0361,0.30345,0.0665,0.7372807230672044,-0.43971405811147196,-
20,DTLZ6,REMO,7.3417,0.633,6.6546,0.939,0.9064113216285057,-0.14176221347817156,=
20,DTLZ6,PIEA,2.164,1.05,6.6546,0.939,3.0751386321626617,1.6206514509153778,+
20,DTLZ6,MCEAD,4.1169,1.03,6.6546,0.939,1.6164104058879254,0.6927935442327374,+
20,DTLZ6,R2AEA,5.6087,1.98,6.6546,0.939,1.1864781500169381,0.24668553234604976,=
20,DTLZ6,KRVEA,9.2234,0.153,6.6546,0.939,0.721490990307262,-0.4709467158606894,-
20,DTLZ6,CSEA,7.4321,0.7,6.6546,0.939,0.8953862300022873,-0.15941796344529038,-
20,DTLZ6,HES_EA,9.1974,0.122,6.6546,0.939,0.7235305629851915,-0.4668741353026089,-
20,DTLZ7,REMO,38.239,7.37,18.154,2.61,0.47475090875807424,-1.074757332933838,-
20,DTLZ7,PIEA,18.728,9.86,18.154,2.61,0.9693507048269969,-0.044909377051822436,-
20,DTLZ7,MCEAD,28.155,12.5,18.154,2.61,0.6447877819215059,-0.6331036883792025,-
20,DTLZ7,R2AEA,14.039,2.89,18.154,2.61,1.2931120450174514,0.37084728658488825,+
20,DTLZ7,KRVEA,49.744,5.36,18.154,2.61,0.3649485365069154,-1.4542350592808737,-
20,DTLZ7,CSEA,48.818,9.05,18.154,2.61,0.37187103117702486,-1.4271257287741181,-
20,DTLZ7,HES_EA,48.867,4.77,18.154,2.61,0.3714981480344609,-1.4285730761239184,-
20,WFG1,REMO,5.6202,0.0882,5.6075,0.0793,0.9977402939397175,-0.003263755681656092,=
20,WFG1,PIEA,5.7081,0.0505,5.6075,0.0793,0.9823759219354952,-0.025652894246409718,-
20,WFG1,MCEAD,5.7957,0.0451,5.6075,0.0793,0.9675276498093414,-0.04762520399431932,-
20,WFG1,R2AEA,5.6059,0.0465,5.6075,0.0793,1.0002854135821189,0.00041170600907625685,=
20,WFG1,KRVEA,5.7218,0.0308,5.6075,0.0793,0.9800237687441015,-0.02911135521726588,-
20,WFG1,CSEA,5.6736,0.106,5.6075,0.0793,0.9883495487873659,-0.01690672603769182,-
20,WFG1,HES_EA,5.7151,0.0391,5.6075,0.0793,0.9811726828926879,-0.027421026915065483,-
20,WFG2,REMO,7.948,1.54,5.4393,1.31,0.6843608454957222,-0.5471708739627982,-
20,WFG2,PIEA,6.0506,1.05,5.4393,1.31,0.8989686973192741,-0.15365721386231712,-
20,WFG2,MCEAD,7.6391,2.05,5.4393,1.31,0.7120341401473996,-0.4899816786387584,-
20,WFG2,R2AEA,4.6261,0.167,5.4393,1.31,1.1757852186506994,0.2336245463245299,+
20,WFG2,KRVEA,8.3973,0.972,5.4393,1.31,0.6477439176878282,-0.626504531317663,-
20,WFG2,CSEA,8.8363,1.3,5.4393,1.31,0.6155630750427216,-0.7000214016398232,-
20,WFG2,HES_EA,8.843,1.37,5.4393,1.31,0.6150966866448039,-0.7011148903228261,-
20,WFG3,REMO,2.2519,0.232,2.7306,0.152,1.212576046893734,0.27807522897900316,+
20,WFG3,PIEA,1.7073,0.173,2.7306,0.152,1.5993674222456509,0.6775014068355577,+
20,WFG3,MCEAD,1.9974,0.203,2.7306,0.152,1.3670772003604685,0.45109471582792643,+
20,WFG3,R2AEA,2.6029,0.115,2.7306,0.152,1.049060663106535,0.06909810578218761,+
20,WFG3,KRVEA,2.4955,0.08,2.7306,0.152,1.0942095772390303,0.12988908830049142,+
20,WFG3,CSEA,2.3113,0.184,2.7306,0.152,1.1814130575866395,0.24051346257130188,+
20,WFG3,HES_EA,2.4573,0.0625,2.7306,0.152,1.1112196313026492,0.15214399195246364,+
20,WFG4,REMO,29.066,1.21,23.927,1.07,0.8231954861350032,-0.2806930234286834,-
20,WFG4,PIEA,20.639,3.25,23.927,1.07,1.1593100440912836,0.21326645008479167,+
20,WFG4,MCEAD,20.456,3.65,23.927,1.07,1.1696812671098944,0.22611545544489167,+
20,WFG4,R2AEA,17.947,1.25,23.927,1.07,1.333203320889285,0.41489681618856344,+
20,WFG4,KRVEA,29.49,0.724,23.927,1.07,0.8113597829772805,-0.3015863012625585,-
20,WFG4,CSEA,29.6,1.48,23.927,1.07,0.8083445945945945,-0.3069576547171341,-
20,WFG4,HES_EA,29.432,0.966,23.927,1.07,0.8129586844251155,-0.2987460602864339,-
20,WFG5,REMO,25.608,1.19,22.849,1.62,0.892260231177757,-0.1644635557329455,-
20,WFG5,PIEA,21.972,0.912,22.849,1.62,1.039914436555616,0.05646482929414209,+
20,WFG5,MCEAD,22.931,0.652,22.849,1.62,0.9964240547730147,-0.005168244642573287,=
20,WFG5,R2AEA,23.519,1.28,22.849,1.62,0.9715123942344488,-0.041695693532209484,=
20,WFG5,KRVEA,24.741,0.696,22.849,1.62,0.9235277474637242,-0.11477278714262995,-
20,WFG5,CSEA,25.912,0.945,22.849,1.62,0.8817922198209325,-0.1814893469825509,-
20,WFG5,HES_EA,24.824,0.585,22.849,1.62,0.9204398968739929,-0.11960457571608359,-
20,WFG6,REMO,24.041,1.66,19.097,0.618,0.7943513165009776,-0.3321508879259504,-
20,WFG6,PIEA,22.696,1.82,19.097,0.618,0.8414258019034191,-0.24909203657698692,-
20,WFG6,MCEAD,25.327,1.94,19.097,0.618,0.7540174517313539,-0.40733017983518655,-
20,WFG6,R2AEA,15.679,0.502,19.097,0.618,1.217998596849289,0.28451247124117607,+
20,WFG6,KRVEA,25.293,0.592,19.097,0.618,0.7550310362550904,-0.4053921459052518,-
20,WFG6,CSEA,26.268,1.2,19.097,0.618,0.7270062433379016,-0.4599603412047302,-
20,WFG6,HES_EA,25.393,0.775,19.097,0.618,0.7520576536840862,-0.4110848299314921,-
20,WFG7,REMO,24.322,1.1,20.592,0.761,0.8466409012416741,-0.24017790791639743,-
20,WFG7,PIEA,24.579,0.874,20.592,0.761,0.8377883559135847,-0.255342261986897,-
20,WFG7,MCEAD,27.355,1.36,20.592,0.761,0.7527691464083348,-0.40972059704924046,-
20,WFG7,R2AEA,20.597,2.63,20.592,0.761,0.9997572462009029,-0.00035026221757662024,=
20,WFG7,KRVEA,26.465,0.76,20.592,0.761,0.7780842622331381,-0.362001695301536,-
20,WFG7,CSEA,26.43,1.4,20.592,0.761,0.7791146424517593,-0.36009246630823044,-
20,WFG7,HES_EA,25.957,0.748,20.592,0.761,0.7933120160265053,-0.3340396937249713,-
20,WFG8,REMO,24.953,1.02,20.738,0.826,0.8310824349777581,-0.26693651002753294,-
20,WFG8,PIEA,23.237,1.24,20.738,0.826,0.8924559969014934,-0.1641470569691648,-
20,WFG8,MCEAD,26.026,1.81,20.738,0.826,0.7968185660493353,-0.32767683197527836,-
20,WFG8,R2AEA,16.282,0.372,20.738,0.826,1.2736764525242599,0.34899884147098476,+
20,WFG8,KRVEA,25.519,0.489,20.738,0.826,0.8126493984874016,-0.29929503060545587,-
20,WFG8,CSEA,27.053,0.742,20.738,0.826,0.7665693268768713,-0.38351182287461966,-
20,WFG8,HES_EA,25.791,0.648,20.738,0.826,0.8040789422666822,-0.3145909466849112,-
20,WFG9,REMO,26.155,1.38,23.053,1.3,0.8813993500286752,-0.18213226215986536,-
20,WFG9,PIEA,22.604,1.32,23.053,1.3,1.0198637409308087,0.028376413554726934,=
20,WFG9,MCEAD,23.089,1.39,23.053,1.3,0.9984408159729742,-0.0022511825239583077,=
20,WFG9,R2AEA,22.569,1.27,23.053,1.3,1.021445345385263,0.030612011656923545,=
20,WFG9,KRVEA,25.82,0.755,23.053,1.3,0.8928350116189001,-0.16353449278905977,-
20,WFG9,CSEA,27.847,0.801,23.053,1.3,0.8278450102344956,-0.27256740433224647,-
20,WFG9,HES_EA,26.166,0.822,23.053,1.3,0.8810288160207903,-0.182738888397269,-
