Problem,M,Outcome,Control,PAQCMean,ControlMean,Delta,Wins,Ties,Losses,PRaw,PHolm
DTLZ2,10,Retention,Direction,0.582529411764706,0.564529411764706,0.018,15,1,4,0.00237201255183883,0.0213481129665494
DTLZ2,10,Retention,Anchor,0.582529411764706,0.526117647058824,0.0564117647058824,16,0,4,0.00403237782274866,0.0304501899307065
DTLZ2,10,Current,Direction,0.772470588235294,0.978117647058824,-0.205647058823529,0,0,20,8.84491502121192e-05,0.00281036932167857
DTLZ2,10,Current,Anchor,0.772470588235294,0.389058823529412,0.383411764705882,20,0,0,8.8323858630813e-05,0.00281036932167857
DTLZ2,20,Retention,Direction,0.558529411764706,0.546764705882353,0.0117647058823529,11,2,7,0.032700583527097,0.130802334108388
DTLZ2,20,Retention,Anchor,0.558529411764706,0.470117647058824,0.0884117647058823,18,0,2,0.00025359518031723,0.00304314216380676
DTLZ2,20,Current,Direction,0.789058823529412,0.974,-0.184941176470588,0,0,20,8.8323858630813e-05,0.00281036932167857
DTLZ2,20,Current,Anchor,0.789058823529412,0.322823529411765,0.466235294117647,20,0,0,8.80736803527553e-05,0.00281036932167857
DTLZ4,10,Retention,Direction,0.603764705882353,0.473705882352941,0.130058823529412,20,0,0,8.85745768786357e-05,0.00281036932167857
DTLZ4,10,Retention,Anchor,0.603764705882353,0.697352941176471,-0.0935882352941177,3,0,17,0.00051613324995972,0.00567746574955692
DTLZ4,10,Current,Direction,0.614352941176471,0.989823529411765,-0.375470588235294,0,0,20,8.85745768786357e-05,0.00281036932167857
DTLZ4,10,Current,Anchor,0.614352941176471,0.238647058823529,0.375705882352941,20,0,0,8.8323858630813e-05,0.00281036932167857
DTLZ4,20,Retention,Direction,0.600117647058824,0.501176470588235,0.0989411764705883,20,0,0,8.78240413024552e-05,0.00281036932167857
DTLZ4,20,Retention,Anchor,0.600117647058824,0.589,0.0111176470588235,11,0,9,0.370261270452914,0.740522540905829
DTLZ4,20,Current,Direction,0.665352941176471,0.987588235294118,-0.322235294117647,0,0,20,8.84491502121192e-05,0.00281036932167857
DTLZ4,20,Current,Anchor,0.665352941176471,0.297117647058824,0.368235294117647,20,0,0,8.81987020419448e-05,0.00281036932167857
DTLZ5,10,Retention,Direction,0.537,0.533529411764706,0.00347058823529412,9,0,11,0.910794027424571,0.910794027424571
DTLZ5,10,Retention,Anchor,0.537,0.505,0.032,18,0,2,0.00055136369177345,0.00567746574955692
DTLZ5,10,Current,Direction,0.663470588235294,0.93864705882353,-0.275176470588235,0,0,20,8.84491502121192e-05,0.00281036932167857
DTLZ5,10,Current,Anchor,0.663470588235294,0.393647058823529,0.269823529411765,20,0,0,8.85745768786357e-05,0.00281036932167857
DTLZ5,20,Retention,Direction,0.520882352941177,0.504529411764706,0.0163529411764706,16,0,4,0.00998341848970522,0.0599005109382313
DTLZ5,20,Retention,Anchor,0.520882352941177,0.482058823529412,0.0388235294117647,16,0,4,0.00380627374133831,0.0304501899307065
DTLZ5,20,Current,Direction,0.769117647058824,0.937941176470589,-0.168823529411765,0,0,20,8.85745768786357e-05,0.00281036932167857
DTLZ5,20,Current,Anchor,0.769117647058824,0.389588235294118,0.379529411764706,20,0,0,8.84491502121192e-05,0.00281036932167857
DTLZ7,10,Retention,Direction,0.438823529411765,0.443647058823529,-0.00482352941176471,7,2,11,0.106850908989262,0.320552726967786
DTLZ7,10,Retention,Anchor,0.438823529411765,0.349411764705882,0.0894117647058824,20,0,0,8.8323858630813e-05,0.00281036932167857
DTLZ7,10,Current,Direction,0.789529411764706,0.922705882352941,-0.133176470588235,0,0,20,8.84491502121192e-05,0.00281036932167857
DTLZ7,10,Current,Anchor,0.789529411764706,0.455647058823529,0.333882352941176,20,0,0,8.84491502121192e-05,0.00281036932167857
DTLZ7,20,Retention,Direction,0.445117647058824,0.437882352941177,0.00723529411764706,13,0,7,0.0195476242741987,0.0977381213709936
DTLZ7,20,Retention,Anchor,0.445117647058824,0.314941176470588,0.130176470588235,20,0,0,8.85745768786357e-05,0.00281036932167857
DTLZ7,20,Current,Direction,0.831058823529412,0.949058823529412,-0.118,0,0,20,8.80736803527553e-05,0.00281036932167857
DTLZ7,20,Current,Anchor,0.831058823529412,0.379882352941177,0.451176470588235,20,0,0,8.84491502121192e-05,0.00281036932167857
