Problem,M,Run,CurrentPAQC,CurrentDirection,CurrentAnchor,CurrentNative,RetentionPAQC,RetentionDirection,RetentionAnchor,RetentionNative,Chance,NativeCount,PAQCOutsideNative,SwapsVsDirection
DTLZ2,10,1,0.781176470588235,0.976470588235294,0.338823529411765,0.345147175399782,0.554117647058824,0.541176470588235,0.438823529411765,0.481465307913089,0.435882352941176,57.8529411764706,0,5.35294117647059
DTLZ2,10,2,0.751764705882353,0.985882352941176,0.418823529411765,0.340963451771021,0.538823529411765,0.550588235294118,0.447058823529412,0.416937577125304,0.375882352941177,55.3235294117647,0,6.11764705882353
DTLZ2,10,3,0.827058823529412,0.98,0.427058823529412,0.3637289403696,0.569411764705883,0.522352941176471,0.649411764705882,0.651079588899175,0.548529411764706,57.3529411764706,0,4.02941176470588
DTLZ2,10,4,0.701176470588236,0.994117647058823,0.351764705882353,0.369039056147744,0.56,0.53764705882353,0.498823529411765,0.541851378559848,0.478529411764706,48.3529411764706,0,7.41176470588235
DTLZ2,10,5,0.785882352941177,0.976470588235294,0.418823529411765,0.43175767726663,0.575294117647059,0.549411764705883,0.476470588235294,0.550384075958083,0.497647058823529,46.4117647058824,0,5.02941176470588
DTLZ2,10,6,0.870588235294118,0.981176470588235,0.510588235294118,0.45944400060017,0.634117647058823,0.624705882352941,0.554117647058824,0.591000428071602,0.532647058823529,48.1176470588235,0,3
DTLZ2,10,7,0.758823529411765,0.975294117647059,0.425882352941177,0.430090932225761,0.530588235294118,0.518823529411765,0.509411764705882,0.527579374274799,0.466764705882353,45.0882352941176,0,5.73529411764706
DTLZ2,10,8,0.856470588235294,0.978823529411765,0.471764705882353,0.437515381440265,0.557647058823529,0.548235294117647,0.503529411764706,0.544375601033244,0.477058823529412,50,0,3.5
DTLZ2,10,9,0.73764705882353,0.972941176470588,0.414117647058824,0.422666981199937,0.632941176470588,0.583529411764706,0.507058823529412,0.564913890305937,0.450882352941176,44.8235294117647,0,6.29411764705882
DTLZ2,10,10,0.778823529411765,0.989411764705882,0.325882352941177,0.390918989013371,0.615294117647059,0.58,0.595294117647059,0.602705581235453,0.554411764705882,50.6764705882353,0,5.52941176470588
DTLZ2,10,11,0.744705882352941,0.977647058823529,0.384705882352941,0.449144728499857,0.615294117647059,0.592941176470588,0.542352941176471,0.592674512121912,0.454705882352941,42.1764705882353,0,6.17647058823529
DTLZ2,10,12,0.835294117647059,0.971764705882353,0.44,0.377777071620295,0.561176470588235,0.528235294117647,0.530588235294118,0.606548308429345,0.552941176470588,55.7941176470588,0,3.94117647058824
DTLZ2,10,13,0.787058823529412,0.972941176470588,0.410588235294118,0.365139536235932,0.53764705882353,0.53764705882353,0.548235294117647,0.57935734420206,0.548235294117647,54.0294117647059,0,5.35294117647059
DTLZ2,10,14,0.804705882352941,0.995294117647059,0.332941176470588,0.366348875490312,0.538823529411765,0.54,0.578823529411765,0.584396221626952,0.556176470588235,55.2941176470588,0,4.88235294117647
DTLZ2,10,15,0.77764705882353,0.987058823529412,0.376470588235294,0.402037775771346,0.672941176470588,0.654117647058824,0.552941176470588,0.653912828993292,0.57264705882353,48.5294117647059,0,5.32352941176471
DTLZ2,10,16,0.69764705882353,0.987058823529412,0.328235294117647,0.403550265536685,0.567058823529412,0.572941176470588,0.42,0.47068347145365,0.443529411764706,43.9411764705882,0,7.47058823529412
DTLZ2,10,17,0.654117647058824,0.96,0.315294117647059,0.392852236717591,0.624705882352941,0.649411764705882,0.496470588235294,0.515706544693064,0.451470588235294,42.5294117647059,0,8.20588235294118
DTLZ2,10,18,0.716470588235294,0.978823529411765,0.344705882352941,0.40385750696027,0.485882352941177,0.444705882352941,0.565882352941177,0.551032012876413,0.49,45.1764705882353,0,7.02941176470588
DTLZ2,10,19,0.82,0.974117647058824,0.365882352941177,0.396492961136135,0.612941176470588,0.578823529411765,0.517647058823529,0.532989761613002,0.468823529411765,52.4705882352941,0,4.64705882352941
DTLZ2,10,20,0.762352941176471,0.947058823529412,0.378823529411765,0.353967034527942,0.665882352941176,0.635294117647059,0.589411764705882,0.636255089712304,0.577941176470588,56.2941176470588,0,5.35294117647059
DTLZ2,20,1,0.763529411764706,0.947058823529412,0.223529411764706,0.321752597625276,0.422352941176471,0.397647058823529,0.464705882352941,0.429767986710241,0.400588235294118,60.1764705882353,0,5.70588235294118
DTLZ2,20,2,0.814117647058824,0.978823529411765,0.29764705882353,0.354319614620833,0.545882352941177,0.558823529411765,0.324705882352941,0.428430152320592,0.373235294117647,58.2941176470588,0,4.47058823529412
DTLZ2,20,3,0.708235294117647,0.995294117647059,0.296470588235294,0.339721643075953,0.602352941176471,0.556470588235294,0.495294117647059,0.554801535811496,0.492647058823529,53.8235294117647,0,7.20588235294118
DTLZ2,20,4,0.824705882352941,0.964705882352942,0.351764705882353,0.351310326963608,0.532941176470588,0.532941176470588,0.442352941176471,0.544441075299605,0.502058823529412,58.8235294117647,0,4.38235294117647
DTLZ2,20,5,0.842352941176471,0.995294117647059,0.337647058823529,0.342742657864528,0.541176470588235,0.551764705882353,0.4,0.548485514376613,0.499705882352941,61.7941176470588,0,3.94117647058824
DTLZ2,20,6,0.88,0.974117647058824,0.408235294117647,0.376323504889748,0.522352941176471,0.534117647058824,0.4,0.563596574671187,0.531176470588235,59.3823529411765,0,2.91176470588235
DTLZ2,20,7,0.737647058823529,0.996470588235294,0.297647058823529,0.308550074060023,0.548235294117647,0.536470588235294,0.423529411764706,0.530243553407684,0.48,59.5882352941176,0,6.52941176470588
DTLZ2,20,8,0.8,0.990588235294118,0.357647058823529,0.341365211327633,0.612941176470588,0.596470588235294,0.564705882352941,0.607059208201395,0.554705882352941,59.7941176470588,0,5
DTLZ2,20,9,0.84,0.969411764705883,0.335294117647059,0.36184634216112,0.543529411764706,0.523529411764706,0.489411764705882,0.604801529391907,0.562941176470588,59.0588235294118,0,3.76470588235294
DTLZ2,20,10,0.818823529411765,0.950588235294118,0.351764705882353,0.366802174353627,0.578823529411765,0.532941176470588,0.472941176470588,0.565901262423168,0.473235294117647,56.3823529411765,0,4.17647058823529
DTLZ2,20,11,0.658823529411765,0.978823529411765,0.288235294117647,0.301715918448023,0.502352941176471,0.504705882352941,0.475294117647059,0.497059333152503,0.449411764705882,53.4117647058824,0,8.14705882352941
DTLZ2,20,12,0.81764705882353,0.990588235294118,0.312941176470588,0.350647367321376,0.569411764705882,0.578823529411765,0.378823529411765,0.49828894175512,0.433529411764706,59.1176470588235,0,4.35294117647059
DTLZ2,20,13,0.748235294117647,0.994117647058823,0.382352941176471,0.35733933159573,0.609411764705882,0.594117647058824,0.570588235294118,0.652851656629595,0.616176470588235,53.2058823529412,0,6.23529411764706
DTLZ2,20,14,0.767058823529412,0.990588235294118,0.281176470588235,0.354166374926216,0.554117647058824,0.5,0.521176470588235,0.572213390079317,0.492941176470588,53.9705882352941,0,5.79411764705882
DTLZ2,20,15,0.837647058823529,0.990588235294118,0.294117647058824,0.342602497545585,0.570588235294118,0.561176470588236,0.578823529411765,0.54327663988905,0.491764705882353,61.5,0,4.05882352941176
DTLZ2,20,16,0.830588235294118,0.981176470588235,0.305882352941177,0.354006469503381,0.527058823529412,0.484705882352941,0.432941176470588,0.563601021727937,0.504411764705882,59.5,0,4.17647058823529
DTLZ2,20,17,0.808235294117647,0.91764705882353,0.381176470588235,0.368749557807715,0.576470588235294,0.589411764705882,0.407058823529412,0.496487485979266,0.430882352941177,56.8823529411765,0,4.05882352941176
DTLZ2,20,18,0.761176470588235,0.925882352941177,0.262352941176471,0.341163723265792,0.542352941176471,0.521176470588235,0.438823529411765,0.498980016640719,0.427941176470588,56.5882352941176,0,6.05882352941176
DTLZ2,20,19,0.789411764705882,0.990588235294118,0.329411764705882,0.356142463444522,0.655294117647059,0.667058823529412,0.623529411764706,0.619581999800228,0.569117647058824,56.2058823529412,0,5.20588235294118
DTLZ2,20,20,0.732941176470589,0.95764705882353,0.361176470588235,0.334076057691027,0.612941176470588,0.612941176470588,0.49764705882353,0.5588217587585,0.521764705882353,55.5,0,6.35294117647059
DTLZ4,10,1,0.671764705882353,0.994117647058823,0.236470588235294,0.348051046182836,0.608235294117647,0.481176470588235,0.772941176470588,0.691054758964915,0.516176470588235,50.5882352941176,0,8.35294117647059
DTLZ4,10,2,0.511764705882353,0.947058823529412,0.238823529411765,0.302044191864782,0.62,0.421176470588235,0.635294117647059,0.617327030646169,0.447941176470588,46.6470588235294,0,13.4117647058824
DTLZ4,10,3,0.601176470588235,0.990588235294118,0.185882352941177,0.278874758250829,0.558823529411765,0.468235294117647,0.665882352941177,0.619849065148437,0.491176470588235,56.5882352941176,0,10.2058823529412
DTLZ4,10,4,0.574117647058824,0.992941176470588,0.158823529411765,0.278888791154869,0.609411764705883,0.398823529411765,0.722352941176471,0.617615595799948,0.465882352941176,54.4411764705882,0,10.7941176470588
DTLZ4,10,5,0.512941176470588,0.995294117647059,0.261176470588235,0.330203315339417,0.614117647058824,0.482352941176471,0.634117647058824,0.632800662481234,0.446470588235294,39.3235294117647,0,12.2941176470588
DTLZ4,10,6,0.717647058823529,0.994117647058823,0.374117647058823,0.428476184821304,0.609411764705883,0.569411764705883,0.565882352941177,0.615036894103011,0.486764705882353,42.4411764705882,0,7.20588235294118
DTLZ4,10,7,0.688235294117647,0.989411764705882,0.315294117647059,0.394324638076196,0.652941176470588,0.504705882352941,0.716470588235294,0.681064844275922,0.54,46.7352941176471,0,7.94117647058824
DTLZ4,10,8,0.617647058823529,0.994117647058823,0.254117647058824,0.343758061383798,0.542352941176471,0.417647058823529,0.669411764705882,0.604800352402883,0.485294117647059,45.3529411764706,0,9.67647058823529
DTLZ4,10,9,0.581176470588235,0.997647058823529,0.164705882352941,0.26381345480928,0.675294117647059,0.454117647058824,0.894117647058824,0.797369241356658,0.548235294117647,56.5882352941176,0,10.5294117647059
DTLZ4,10,10,0.654117647058824,0.991764705882353,0.0988235294117647,0.30372411741604,0.611764705882353,0.495294117647059,0.835294117647059,0.708008962317816,0.522352941176471,55.9705882352941,0,8.76470588235294
DTLZ4,10,11,0.464705882352941,0.989411764705882,0.116470588235294,0.234952089963188,0.651764705882353,0.437647058823529,0.638823529411765,0.649648146214623,0.424411764705882,47.9117647058824,0,13.6470588235294
DTLZ4,10,12,0.552941176470588,0.978823529411765,0.250588235294118,0.346343285914626,0.601176470588235,0.511764705882353,0.623529411764706,0.609484421228809,0.464705882352941,40.4411764705882,0,11.6176470588235
DTLZ4,10,13,0.752941176470588,0.998823529411765,0.332941176470588,0.393205149558226,0.64,0.552941176470588,0.628235294117647,0.626122969113939,0.475,49.0294117647059,0,6.17647058823529
DTLZ4,10,14,0.6,0.998823529411765,0.338823529411765,0.416677277182139,0.615294117647059,0.492941176470588,0.625882352941177,0.640780379618309,0.510588235294118,36.3823529411765,0,10.0294117647059
DTLZ4,10,15,0.610588235294118,0.995294117647059,0.125882352941177,0.265614121361287,0.594117647058824,0.417647058823529,0.842352941176471,0.726187980879392,0.513235294117647,57.5294117647059,0,9.85294117647059
DTLZ4,10,16,0.664705882352941,0.98,0.291764705882353,0.359760270447022,0.587058823529412,0.550588235294118,0.670588235294118,0.642504033155541,0.479411764705882,48.8823529411765,0,8.82352941176471
DTLZ4,10,17,0.524705882352941,0.991764705882353,0.150588235294118,0.263648344253751,0.547058823529412,0.432941176470588,0.769411764705883,0.665254961225575,0.485294117647059,53.3823529411765,0,12.0882352941176
DTLZ4,10,18,0.683529411764706,0.991764705882353,0.364705882352941,0.438676127654759,0.523529411764706,0.471764705882353,0.598823529411765,0.59464737813922,0.477941176470588,41.8235294117647,0,7.94117647058824
DTLZ4,10,19,0.656470588235294,0.995294117647059,0.264705882352941,0.362760846080097,0.545882352941177,0.425882352941177,0.710588235294118,0.621823409460176,0.489411764705882,48.8823529411765,0,8.64705882352941
DTLZ4,10,20,0.645882352941177,0.989411764705882,0.248235294117647,0.356169130267962,0.667058823529412,0.487058823529412,0.727058823529412,0.659955049511936,0.490588235294118,49.2352941176471,0,9.08823529411765
DTLZ4,20,1,0.668235294117647,0.990588235294118,0.270588235294118,0.329880515191683,0.602352941176471,0.501176470588235,0.603529411764706,0.615762989190247,0.515588235294118,50.8823529411765,0,8.52941176470588
DTLZ4,20,2,0.624705882352941,0.988235294117647,0.277647058823529,0.341010969506005,0.610588235294118,0.470588235294118,0.623529411764706,0.642056175642063,0.524411764705882,45.7058823529412,0,9.55882352941176
DTLZ4,20,3,0.598823529411765,0.96,0.214117647058824,0.347330514030695,0.654117647058824,0.536470588235294,0.547058823529412,0.594553961667495,0.472941176470588,42.9705882352941,0,10.8235294117647
DTLZ4,20,4,0.630588235294118,0.994117647058823,0.289411764705882,0.363759191545624,0.474117647058824,0.445882352941177,0.561176470588235,0.570085903116884,0.513823529411765,43.6470588235294,0,9.35294117647059
DTLZ4,20,5,0.655294117647059,0.988235294117647,0.371764705882353,0.376812323453409,0.616470588235294,0.525882352941177,0.643529411764706,0.705927845554333,0.538235294117647,43.7647058823529,0,8.88235294117647
DTLZ4,20,6,0.688235294117647,0.994117647058823,0.324705882352941,0.412308746186739,0.605882352941177,0.491764705882353,0.658823529411765,0.669538520444649,0.489705882352941,41.7941176470588,0,7.94117647058824
DTLZ4,20,7,0.594117647058824,0.992941176470588,0.282352941176471,0.33300611613827,0.689411764705883,0.531764705882353,0.674117647058824,0.687931318696179,0.522352941176471,44.4705882352941,0,10.2647058823529
DTLZ4,20,8,0.712941176470588,0.975294117647059,0.322352941176471,0.382447113837864,0.589411764705883,0.484705882352941,0.575294117647059,0.627656000711623,0.507647058823529,47.2647058823529,0,7.52941176470588
DTLZ4,20,9,0.663529411764706,0.988235294117647,0.272941176470588,0.324829096982715,0.598823529411765,0.524705882352941,0.515294117647059,0.60485772446942,0.506176470588235,51,0,8.67647058823529
DTLZ4,20,10,0.703529411764706,0.964705882352941,0.348235294117647,0.393038722922482,0.563529411764706,0.488235294117647,0.618823529411765,0.624533386024241,0.518823529411765,44.8529411764706,0,8.23529411764706
DTLZ4,20,11,0.684705882352941,0.994117647058823,0.352941176470588,0.358867421350562,0.583529411764706,0.492941176470588,0.591764705882353,0.610221095251668,0.490588235294118,47.7941176470588,0,8
DTLZ4,20,12,0.690588235294118,0.971764705882353,0.218823529411765,0.340742833441925,0.57764705882353,0.472941176470588,0.567058823529412,0.613628973777386,0.519117647058824,50.9411764705882,0,8.32352941176471
DTLZ4,20,13,0.730588235294118,1,0.32,0.361039397664899,0.567058823529412,0.476470588235294,0.544705882352941,0.561677258248158,0.436764705882353,50.5882352941176,0,6.73529411764706
DTLZ4,20,14,0.723529411764706,0.988235294117647,0.338823529411765,0.36698479251881,0.636470588235294,0.549411764705882,0.587058823529412,0.595649014620108,0.468235294117647,49.4117647058824,0,7.11764705882353
DTLZ4,20,15,0.609411764705882,0.995294117647059,0.198823529411765,0.309973959587203,0.648235294117647,0.452941176470588,0.692941176470588,0.684498113134414,0.534705882352941,49.2647058823529,0,9.85294117647059
DTLZ4,20,16,0.635294117647059,0.990588235294118,0.308235294117647,0.31159120902726,0.54,0.465882352941177,0.523529411764706,0.564529696376673,0.495588235294118,50.4705882352941,0,9.35294117647059
DTLZ4,20,17,0.743529411764706,0.988235294117647,0.361176470588235,0.39953636657683,0.572941176470588,0.558823529411765,0.448235294117647,0.516122967257064,0.479117647058823,47.0588235294118,0,6.64705882352941
DTLZ4,20,18,0.762352941176471,0.990588235294118,0.344705882352941,0.388145086437584,0.576470588235294,0.515294117647059,0.557647058823529,0.60411758200503,0.512647058823529,49.4705882352941,0,6.11764705882353
DTLZ4,20,19,0.631764705882353,0.998823529411765,0.30235294117647,0.355802374795783,0.601176470588235,0.518823529411765,0.544705882352941,0.585511282626501,0.451176470588235,44.9705882352941,0,9.20588235294118
DTLZ4,20,20,0.555294117647059,0.997647058823529,0.222352941176471,0.308201471130469,0.694117647058824,0.518823529411765,0.701176470588236,0.648331194206286,0.534411764705882,45,0,11.1764705882353
DTLZ5,10,1,0.56235294117647,0.963529411764706,0.342352941176471,0.372131845871304,0.51764705882353,0.572941176470588,0.496470588235294,0.505833463400636,0.470294117647059,38.7352941176471,0,10.3823529411765
DTLZ5,10,2,0.721176470588235,0.951764705882353,0.485882352941176,0.461855683061923,0.438823529411765,0.431764705882353,0.467058823529412,0.451842723454563,0.406176470588235,40.9705882352941,0,6.52941176470588
DTLZ5,10,3,0.66,0.935294117647059,0.391764705882353,0.424947107989917,0.569411764705882,0.577647058823529,0.524705882352941,0.521569425222978,0.441470588235294,41.7352941176471,0,7.58823529411765
DTLZ5,10,4,0.655294117647059,0.841176470588236,0.477647058823529,0.422981273615876,0.558823529411765,0.529411764705883,0.544705882352941,0.575221095567139,0.485,40.1176470588235,0,9.20588235294118
DTLZ5,10,5,0.669411764705882,0.956470588235294,0.435294117647059,0.442797821892875,0.569411764705882,0.603529411764706,0.475294117647059,0.50016766509743,0.396470588235294,38.7941176470588,0,7.79411764705882
DTLZ5,10,6,0.72,0.935294117647059,0.391764705882353,0.441416168322122,0.538823529411765,0.450588235294118,0.502352941176471,0.539608616686379,0.454705882352941,43.6764705882353,0,6.32352941176471
DTLZ5,10,7,0.685882352941176,0.887058823529412,0.444705882352941,0.445527425948281,0.572941176470589,0.576470588235294,0.544705882352941,0.553546290676694,0.510588235294118,40.5588235294118,0,8.38235294117647
DTLZ5,10,8,0.557647058823529,0.95764705882353,0.32,0.358064186160444,0.561176470588236,0.58,0.536470588235294,0.545466005573983,0.474705882352941,40.2352941176471,0,11.1176470588235
DTLZ5,10,9,0.683529411764706,0.961176470588236,0.378823529411765,0.388055746494233,0.528235294117647,0.570588235294118,0.496470588235294,0.529781025550561,0.495,44.9705882352941,0,7.85294117647059
DTLZ5,10,10,0.662352941176471,0.971764705882353,0.376470588235294,0.441143906685723,0.495294117647059,0.498823529411765,0.512941176470588,0.497201763183175,0.432058823529412,39.7647058823529,0,8.11764705882353
DTLZ5,10,11,0.745882352941177,0.95764705882353,0.464705882352941,0.473419502066797,0.430588235294118,0.401176470588235,0.421176470588235,0.429335056348129,0.407058823529412,41.8529411764706,0,5.94117647058824
DTLZ5,10,12,0.744705882352941,0.945882352941177,0.450588235294118,0.394977002525021,0.681176470588235,0.645882352941177,0.632941176470588,0.666973826545325,0.557647058823529,48,0,6.20588235294118
DTLZ5,10,13,0.738823529411765,0.965882352941177,0.397647058823529,0.425147884357249,0.551764705882353,0.561176470588235,0.527058823529412,0.518929735837253,0.471470588235294,44.5882352941176,0,6.5
DTLZ5,10,14,0.577647058823529,0.935294117647059,0.298823529411765,0.350450648747598,0.463529411764706,0.503529411764706,0.42,0.435659190288708,0.379411764705882,42.9117647058824,0,10.2941176470588
DTLZ5,10,15,0.658823529411765,0.962352941176471,0.332941176470588,0.401674047082502,0.468235294117647,0.448235294117647,0.431764705882353,0.414254699941373,0.395882352941176,43.4411764705882,0,8.05882352941176
DTLZ5,10,16,0.670588235294118,0.917647058823529,0.444705882352941,0.397395133810376,0.647058823529412,0.591764705882353,0.605882352941177,0.63854646931983,0.518529411764706,43.5882352941176,0,8.11764705882353
DTLZ5,10,17,0.583529411764706,0.938823529411765,0.307058823529412,0.379574040956307,0.530588235294118,0.543529411764706,0.470588235294118,0.492415977934869,0.454411764705882,40.6470588235294,0,10.0882352941176
DTLZ5,10,18,0.677647058823529,0.912941176470588,0.388235294117647,0.441082469462506,0.572941176470589,0.603529411764706,0.51764705882353,0.542058710326158,0.456764705882353,40.8823529411765,0,7.17647058823529
DTLZ5,10,19,0.595294117647059,0.943529411764706,0.302352941176471,0.381266093778789,0.488235294117647,0.455294117647059,0.474117647058824,0.506256056021471,0.456176470588235,42.4117647058824,0,9.55882352941176
DTLZ5,10,20,0.698823529411765,0.931764705882353,0.441176470588235,0.429192228833829,0.555294117647059,0.524705882352941,0.497647058823529,0.513472066612217,0.421176470588235,43.1176470588235,0,7.05882352941176
DTLZ5,20,1,0.744705882352941,0.894117647058824,0.363529411764706,0.374823305673553,0.464705882352941,0.447058823529412,0.467058823529412,0.486024487311416,0.488235294117647,50.9117647058824,0,6.44117647058824
DTLZ5,20,2,0.709411764705883,0.889411764705883,0.345882352941176,0.319600530537169,0.585882352941177,0.565882352941177,0.509411764705882,0.576409242327894,0.492941176470588,56.3823529411765,0,6.82352941176471
DTLZ5,20,3,0.758823529411765,0.956470588235294,0.436470588235294,0.339396944211189,0.461176470588235,0.44,0.424705882352941,0.534662936174049,0.494117647058824,57.1176470588235,0,5.67647058823529
DTLZ5,20,4,0.768235294117647,0.931764705882353,0.425882352941176,0.347179867128975,0.478823529411765,0.455294117647059,0.475294117647059,0.534781533106293,0.487058823529412,56.6764705882353,0,5.35294117647059
DTLZ5,20,5,0.738823529411765,0.984705882352941,0.351764705882353,0.323905744702207,0.527058823529412,0.549411764705882,0.547058823529412,0.551586902058804,0.524411764705882,57.9117647058824,0,6.44117647058824
DTLZ5,20,6,0.708235294117647,0.944705882352941,0.343529411764706,0.350853746011269,0.501176470588235,0.497647058823529,0.48,0.510996859972057,0.49,51,0,6.52941176470588
DTLZ5,20,7,0.823529411764706,0.923529411764707,0.489411764705882,0.372328128855216,0.551764705882353,0.531764705882353,0.417647058823529,0.618077950687769,0.535882352941177,57.0882352941176,0,3.94117647058824
DTLZ5,20,8,0.778823529411765,0.961176470588235,0.385882352941176,0.356035378648161,0.487058823529412,0.491764705882353,0.410588235294118,0.487541910649052,0.414705882352941,56.0882352941176,0,5.14705882352941
DTLZ5,20,9,0.738823529411765,0.938823529411765,0.348235294117647,0.314649517823281,0.627058823529412,0.662352941176471,0.488235294117647,0.572358286964213,0.535,59.7941176470588,0,6.44117647058824
DTLZ5,20,10,0.828235294117647,0.956470588235294,0.394117647058824,0.379847548007113,0.492941176470588,0.491764705882353,0.502352941176471,0.54210287968563,0.502352941176471,55.3823529411765,0,3.76470588235294
DTLZ5,20,11,0.754117647058824,0.88,0.338823529411765,0.349431704657564,0.518823529411765,0.494117647058824,0.608235294117647,0.555846295734287,0.498529411764706,57.2647058823529,0,5.88235294117647
DTLZ5,20,12,0.776470588235294,0.98,0.388235294117647,0.382467313348467,0.577647058823529,0.564705882352941,0.504705882352941,0.558706637807093,0.475,52.2647058823529,0,5.5
DTLZ5,20,13,0.827058823529412,0.947058823529412,0.394117647058824,0.355491813861686,0.482352941176471,0.424705882352941,0.391764705882353,0.516258007181442,0.473235294117647,59.5,0,4.17647058823529
DTLZ5,20,14,0.745882352941176,0.887058823529412,0.377647058823529,0.398231577159397,0.538823529411765,0.501176470588235,0.461176470588236,0.532477546378347,0.441470588235294,48.7352941176471,0,5.67647058823529
DTLZ5,20,15,0.829411764705883,0.990588235294118,0.438823529411765,0.380928405065572,0.554117647058824,0.535294117647059,0.527058823529412,0.552910664032407,0.493823529411765,55.4411764705882,0,4.20588235294118
DTLZ5,20,16,0.736470588235294,0.941176470588236,0.390588235294118,0.334674939120674,0.507058823529412,0.43764705882353,0.467058823529412,0.608002580240709,0.535,56.0882352941176,0,6.08823529411765
DTLZ5,20,17,0.804705882352941,0.967058823529412,0.355294117647059,0.366610273375389,0.585882352941177,0.574117647058824,0.54,0.54850644876196,0.500294117647059,55.8235294117647,0,4.38235294117647
DTLZ5,20,18,0.788235294117647,0.961176470588235,0.370588235294118,0.376329801636248,0.448235294117647,0.44,0.438823529411765,0.487822676168033,0.446470588235294,52.9117647058824,0,4.61764705882353
DTLZ5,20,19,0.761176470588236,0.890588235294118,0.467058823529412,0.34200589053255,0.528235294117647,0.482352941176471,0.495294117647059,0.563631577081873,0.487941176470588,57.1764705882353,0,5.05882352941176
DTLZ5,20,20,0.761176470588235,0.932941176470589,0.385882352941177,0.328851624377568,0.498823529411765,0.503529411764706,0.484705882352941,0.463992899619735,0.426176470588235,59.4411764705882,0,5.67647058823529
DTLZ7,10,1,0.812941176470588,0.938823529411765,0.472941176470588,0.507529650829258,0.436470588235294,0.435294117647059,0.335294117647059,0.383098596812143,0.291176470588235,42.8235294117647,0,4.76470588235294
DTLZ7,10,2,0.789411764705882,0.910588235294118,0.508235294117647,0.475809933113295,0.432941176470588,0.424705882352941,0.331764705882353,0.413998742161117,0.370294117647059,43.6176470588235,0,4.55882352941176
DTLZ7,10,3,0.749411764705883,0.944705882352942,0.388235294117647,0.44571338771855,0.416470588235294,0.441176470588235,0.34,0.373251809901792,0.346176470588235,43.2647058823529,0,6.11764705882353
DTLZ7,10,4,0.785882352941177,0.904705882352941,0.430588235294118,0.452551549591604,0.447058823529412,0.455294117647059,0.372941176470588,0.419489323051378,0.345294117647059,45.3529411764706,0,5.38235294117647
DTLZ7,10,5,0.818823529411765,0.921176470588236,0.457647058823529,0.470117506790141,0.497647058823529,0.508235294117647,0.383529411764706,0.449873667672333,0.366176470588235,45.7647058823529,0,4.35294117647059
DTLZ7,10,6,0.808235294117647,0.901176470588235,0.521176470588235,0.485646314978122,0.392941176470588,0.403529411764706,0.349411764705882,0.407286330920734,0.387058823529412,43.7058823529412,0,4.11764705882353
DTLZ7,10,7,0.776470588235294,0.91764705882353,0.492941176470588,0.476894479009621,0.424705882352941,0.421176470588235,0.342352941176471,0.389343955525953,0.306470588235294,43.6176470588235,0,5.05882352941176
DTLZ7,10,8,0.767058823529412,0.869411764705883,0.441176470588235,0.459708805063375,0.417647058823529,0.429411764705882,0.368235294117647,0.430648227748263,0.348235294117647,43.7941176470588,0,4.91176470588235
DTLZ7,10,9,0.810588235294118,0.927058823529412,0.432941176470588,0.477445427785855,0.42,0.432941176470588,0.301176470588235,0.368972423218291,0.333823529411765,45.0294117647059,0,4.67647058823529
DTLZ7,10,10,0.822352941176471,0.931764705882353,0.503529411764706,0.508634944713694,0.423529411764706,0.410588235294118,0.332941176470588,0.401428804051601,0.315882352941177,43.3823529411765,0,4.17647058823529
DTLZ7,10,11,0.827058823529412,0.912941176470588,0.461176470588235,0.494057481215354,0.491764705882353,0.491764705882353,0.404705882352941,0.449825965030104,0.336176470588235,45.3529411764706,0,4
DTLZ7,10,12,0.710588235294118,0.940000000000001,0.425882352941177,0.450922476566552,0.462352941176471,0.441176470588235,0.387058823529412,0.42327764568678,0.351764705882353,40.3235294117647,0,7.17647058823529
DTLZ7,10,13,0.770588235294118,0.928235294117648,0.455294117647059,0.482406745006459,0.46,0.456470588235294,0.350588235294118,0.410111150165913,0.328823529411765,42.3823529411765,0,5.5
DTLZ7,10,14,0.785882352941177,0.916470588235294,0.421176470588235,0.472765715321755,0.451764705882353,0.469411764705882,0.36,0.398665482057195,0.338235294117647,44.2647058823529,0,5.47058823529412
DTLZ7,10,15,0.798823529411765,0.922352941176471,0.491764705882353,0.49083908057133,0.428235294117647,0.430588235294118,0.348235294117647,0.393798159996508,0.333529411764706,42.8529411764706,0,5.29411764705882
DTLZ7,10,16,0.82,0.925882352941177,0.350588235294118,0.452555084768122,0.452941176470588,0.472941176470588,0.301176470588235,0.360559891536379,0.295882352941177,48.8529411764706,0,4.02941176470588
DTLZ7,10,17,0.81764705882353,0.931764705882353,0.450588235294118,0.474928062348791,0.438823529411765,0.434117647058824,0.316470588235294,0.407078812558823,0.355882352941177,45.0588235294118,0,4.64705882352941
DTLZ7,10,18,0.797647058823529,0.941176470588236,0.48,0.468870140266254,0.437647058823529,0.458823529411765,0.382352941176471,0.404538407411176,0.334411764705882,44.5588235294118,0,5.05882352941176
DTLZ7,10,19,0.761176470588235,0.942352941176471,0.422352941176471,0.466165177510433,0.39764705882353,0.409411764705882,0.324705882352941,0.36689241977014,0.319117647058824,42.8529411764706,0,5.47058823529412
DTLZ7,10,20,0.76,0.925882352941177,0.504705882352941,0.497251813409932,0.445882352941176,0.445882352941176,0.355294117647059,0.415539302841868,0.349117647058823,39.2647058823529,0,5.97058823529412
DTLZ7,20,1,0.870588235294118,0.943529411764706,0.418823529411765,0.440466992406426,0.455294117647059,0.435294117647059,0.301176470588235,0.420024433493319,0.344411764705882,51.5882352941176,0,2.91176470588235
DTLZ7,20,2,0.865882352941177,0.949411764705883,0.409411764705882,0.394080176459899,0.444705882352941,0.436470588235294,0.312941176470588,0.414903902929441,0.334117647058824,56.9705882352941,0,2.70588235294118
DTLZ7,20,3,0.856470588235294,0.95764705882353,0.398823529411765,0.414983282142086,0.429411764705882,0.424705882352941,0.291764705882353,0.412967187480267,0.347058823529412,52.7058823529412,0,3.11764705882353
DTLZ7,20,4,0.775294117647059,0.927058823529412,0.381176470588235,0.369399889292675,0.441176470588235,0.443529411764706,0.278823529411765,0.364588723778052,0.311470588235294,53.7647058823529,0,4.55882352941176
DTLZ7,20,5,0.821176470588235,0.934117647058824,0.348235294117647,0.361806263910879,0.369411764705882,0.376470588235294,0.24,0.385815910418737,0.359411764705882,58.5588235294118,0,3.88235294117647
DTLZ7,20,6,0.851764705882353,0.955294117647059,0.396470588235294,0.409689059867704,0.458823529411765,0.441176470588235,0.387058823529412,0.433345245914877,0.356764705882353,53.1470588235294,0,3.47058823529412
DTLZ7,20,7,0.83764705882353,0.947058823529412,0.441176470588235,0.396944518351782,0.470588235294118,0.438823529411765,0.372941176470588,0.436246814919502,0.348235294117647,54.4411764705882,0,3.82352941176471
DTLZ7,20,8,0.79764705882353,0.95764705882353,0.365882352941177,0.41125645743185,0.427058823529412,0.428235294117647,0.327058823529412,0.396984457859417,0.330882352941176,49.4117647058824,0,4.79411764705882
DTLZ7,20,9,0.830588235294118,0.961176470588236,0.407058823529412,0.374132263193364,0.501176470588235,0.515294117647059,0.341176470588235,0.463232315064888,0.377647058823529,55.0588235294118,0,4.11764705882353
DTLZ7,20,10,0.831764705882353,0.944705882352942,0.344705882352941,0.415957913716018,0.482352941176471,0.475294117647059,0.395294117647059,0.455092151426705,0.372058823529412,51.2058823529412,0,3.97058823529412
DTLZ7,20,11,0.823529411764706,0.965882352941177,0.395294117647059,0.426301161042943,0.46,0.461176470588235,0.348235294117647,0.431084945292919,0.360882352941176,49.1176470588235,0,4.26470588235294
DTLZ7,20,12,0.825882352941177,0.949411764705883,0.39764705882353,0.418596795452697,0.472941176470588,0.462352941176471,0.356470588235294,0.433825776129771,0.360294117647059,50.0882352941176,0,4.02941176470588
DTLZ7,20,13,0.824705882352941,0.954117647058824,0.331764705882353,0.384547400072877,0.425882352941177,0.434117647058824,0.292941176470588,0.40590997788909,0.359411764705882,54.3235294117647,0,4.17647058823529
DTLZ7,20,14,0.835294117647059,0.951764705882353,0.372941176470588,0.426618112738598,0.443529411764706,0.431764705882353,0.267058823529412,0.366114109325158,0.284411764705882,49.5588235294118,0,4
DTLZ7,20,15,0.875294117647059,0.967058823529412,0.350588235294118,0.377062841270426,0.475294117647059,0.452941176470588,0.288235294117647,0.395943863896139,0.326470588235294,58.6176470588235,0,3.14705882352941
DTLZ7,20,16,0.83764705882353,0.950588235294118,0.392941176470588,0.390544064127546,0.445882352941176,0.427058823529412,0.315294117647059,0.414204998313346,0.334411764705882,54.3823529411765,0,3.79411764705882
DTLZ7,20,17,0.836470588235294,0.948235294117647,0.357647058823529,0.386979363349359,0.432941176470588,0.430588235294118,0.274117647058824,0.385999562964008,0.322058823529412,55.0882352941176,0,3.88235294117647
DTLZ7,20,18,0.708235294117647,0.952941176470589,0.370588235294118,0.378074756966692,0.377647058823529,0.378823529411765,0.276470588235294,0.353704194762229,0.310882352941177,46.5882352941176,0,7.41176470588235
DTLZ7,20,19,0.890588235294118,0.921176470588236,0.345882352941177,0.39347514240023,0.457647058823529,0.444705882352941,0.28,0.394076267006713,0.317941176470588,59.1176470588235,0,2.17647058823529
DTLZ7,20,20,0.824705882352941,0.942352941176471,0.370588235294118,0.352533333041045,0.430588235294118,0.418823529411765,0.351764705882353,0.422429411658556,0.358235294117647,59.4705882352941,0,3.85294117647059
