algorithm,problem,n,mean,sd,median,min,max,FE_min,FE_max,overshoot_runs,metadata_runs,run_ids
Lambdat030,DTLZ2,10,1.142419372598361,0.10180307249338696,1.1481452188176975,0.992662307205201,1.3307494853695812,300.0,300.0,0,10,"19,20,21,22,23,24,25,26,27,28"
Lambdat030,DTLZ4,10,1.1960947540081084,0.11314185846524445,1.2119280983647298,0.994869449617953,1.3933364656359444,300.0,300.0,0,10,"19,20,21,22,23,24,25,26,27,28"
Lambdat030,DTLZ5,10,0.7090299835814224,0.09703585994299735,0.6792975581818941,0.5535999261306948,0.8529802799407751,300.0,300.0,0,10,"19,20,21,22,23,24,25,26,27,28"
Lambdat030,DTLZ7,10,10.271725049513112,1.393180584663908,9.819793942794957,8.226606487657346,12.287818441305696,300.0,300.0,0,10,"19,20,21,22,23,24,25,26,27,28"
Lambda020,DTLZ2,10,1.16952979561384,0.09130150902410872,1.1742466904484652,0.9968003067985689,1.2963980371457595,300.0,300.0,0,10,"19,20,21,22,23,24,25,26,27,28"
Lambda020,DTLZ4,10,1.2532206317648096,0.08380375660379025,1.2654438535552903,1.071355622800806,1.3427361147991341,300.0,300.0,0,10,"19,20,21,22,23,24,25,26,27,28"
Lambda020,DTLZ5,10,0.7386160231822414,0.1062673575681627,0.7376490209571629,0.5079858626999786,0.8956853388728642,300.0,300.0,0,10,"19,20,21,22,23,24,25,26,27,28"
Lambda020,DTLZ7,10,8.789936300881603,2.185686379213642,7.8377789785390926,6.618511419336216,12.826613445396932,300.0,300.0,0,10,"19,20,21,22,23,24,25,26,27,28"
Weighted,DTLZ2,30,1.194494427706754,0.09999650178331827,1.2027461122723218,1.0170573430281629,1.3806175875794877,300.0,300.0,0,12,"1,2,3,4,5,6,7,8,9,10,11,12,13,14,15,16,17,18,19,20,21,22,23,24,25,26,27,28,29,30"
Weighted,DTLZ4,30,1.3062508358362943,0.11575717291365918,1.289146066035188,1.1130136937632231,1.5049322051286578,300.0,300.0,0,12,"1,2,3,4,5,6,7,8,9,10,11,12,13,14,15,16,17,18,19,20,21,22,23,24,25,26,27,28,29,30"
Weighted,DTLZ5,30,0.801508608408058,0.11538587520629968,0.7928098621273196,0.6030329122710492,1.02003346617305,300.0,300.0,0,12,"1,2,3,4,5,6,7,8,9,10,11,12,13,14,15,16,17,18,19,20,21,22,23,24,25,26,27,28,29,30"
Weighted,DTLZ7,30,8.727375847794601,1.2502012240416773,8.390038600988353,6.592670083072615,11.22488509558357,300.0,300.0,0,12,"1,2,3,4,5,6,7,8,9,10,11,12,13,14,15,16,17,18,19,20,21,22,23,24,25,26,27,28,29,30"
Original,DTLZ2,18,1.094627221548273,0.08879662358653115,1.1083318517528,0.9620373702031966,1.2874821337266995,300.0,300.0,0,0,"1,2,3,4,5,6,7,8,9,10,11,12,13,14,15,16,17,18"
Original,DTLZ4,18,1.1814016383622314,0.11240769011193652,1.1962975327248315,1.017318584820738,1.3647876506626717,300.0,300.0,0,0,"1,2,3,4,5,6,7,8,9,10,11,12,13,14,15,16,17,18"
Original,DTLZ5,18,0.6604909494495319,0.14671639601877426,0.6784131821784019,0.45015730201810356,1.006857531921595,300.0,300.0,0,0,"1,2,3,4,5,6,7,8,9,10,11,12,13,14,15,16,17,18"
Original,DTLZ7,18,12.122418678692757,2.7976910676662556,12.364753120935735,7.459574581987777,17.027647798172254,300.0,300.0,0,0,"1,2,3,4,5,6,7,8,9,10,11,12,13,14,15,16,17,18"
Pruned,DTLZ2,18,1.166810631598551,0.07983887331531964,1.19520607704928,1.0232605087253819,1.2597201691978492,300.0,300.0,0,0,"1,2,3,4,5,6,7,8,9,10,11,12,13,14,15,16,17,18"
Pruned,DTLZ4,18,1.303760131608434,0.11189554767081887,1.2923422575735266,1.1306127011774036,1.5426363509307204,300.0,300.0,0,0,"1,2,3,4,5,6,7,8,9,10,11,12,13,14,15,16,17,18"
Pruned,DTLZ5,18,0.828481981456366,0.13308939838655512,0.8391034355757054,0.556834761097025,1.0230908734609494,300.0,300.0,0,0,"1,2,3,4,5,6,7,8,9,10,11,12,13,14,15,16,17,18"
Pruned,DTLZ7,18,10.491813553403832,1.9497704643569505,10.348067268428947,6.882313252119972,14.062336547866202,300.0,300.0,0,0,"1,2,3,4,5,6,7,8,9,10,11,12,13,14,15,16,17,18"
Weighted_Q080,DTLZ2,18,1.1808070490905147,0.10611589789467364,1.1553095941305522,0.9800930607807326,1.449380558415908,300.0,300.0,0,18,"1,2,3,4,5,6,7,8,9,10,11,12,13,14,15,16,17,18"
Weighted_Q080,DTLZ5,18,0.759644239857539,0.12862331324100493,0.7911434186344886,0.5209145435289441,0.9885469065462448,300.0,300.0,0,18,"1,2,3,4,5,6,7,8,9,10,11,12,13,14,15,16,17,18"
Weighted_Q080,DTLZ7,18,9.37427941258097,1.2230352958204387,9.684325248145063,7.204045638605277,11.246153462238995,300.0,300.0,0,18,"1,2,3,4,5,6,7,8,9,10,11,12,13,14,15,16,17,18"
REMO,DTLZ2,30,1.1067786968411506,0.08946525374739632,1.0991479231124726,0.8995846564498938,1.27546160394782,300.0,308.0,26,0,"1,2,3,4,5,6,7,8,9,10,11,12,13,14,15,16,17,18,19,20,21,22,23,24,25,26,27,28,29,30"
REMO,DTLZ4,30,1.127248987491718,0.09687013026315751,1.1145537083598462,0.9962181133139829,1.3448487881412632,300.0,305.0,23,0,"1,2,3,4,5,6,7,8,9,10,11,12,13,14,15,16,17,18,19,20,21,22,23,24,25,26,27,28,29,30"
REMO,DTLZ5,30,0.6492397645224107,0.129611081831764,0.653053145831579,0.41178915827677137,0.9743508900449442,300.0,307.0,23,0,"1,2,3,4,5,6,7,8,9,10,11,12,13,14,15,16,17,18,19,20,21,22,23,24,25,26,27,28,29,30"
REMO,DTLZ7,30,20.872632177845215,2.4717239204647874,20.476046356628164,17.181615616646145,25.879057685878966,300.0,310.0,27,0,"1,2,3,4,5,6,7,8,9,10,11,12,13,14,15,16,17,18,19,20,21,22,23,24,25,26,27,28,29,30"
PIEA,DTLZ2,30,0.979649905916819,0.0561049846097074,0.9755043214945274,0.8767826634077583,1.0723962969525007,300.0,300.0,0,0,"1,2,3,4,5,6,7,8,9,10,11,12,13,14,15,16,17,18,19,20,21,22,23,24,25,26,27,28,29,30"
PIEA,DTLZ4,30,1.2340312583526445,0.05326729494002462,1.2543169855770655,1.106451323408711,1.2992544359938063,300.0,300.0,0,0,"1,2,3,4,5,6,7,8,9,10,11,12,13,14,15,16,17,18,19,20,21,22,23,24,25,26,27,28,29,30"
PIEA,DTLZ5,30,0.2983353404516781,0.03716416933966876,0.2948906691649097,0.2131890889377426,0.3688629109814166,300.0,300.0,0,0,"1,2,3,4,5,6,7,8,9,10,11,12,13,14,15,16,17,18,19,20,21,22,23,24,25,26,27,28,29,30"
PIEA,DTLZ7,30,20.06584292051892,5.517353170115774,20.343606596489014,7.614399323470482,30.129785522825888,300.0,300.0,0,0,"1,2,3,4,5,6,7,8,9,10,11,12,13,14,15,16,17,18,19,20,21,22,23,24,25,26,27,28,29,30"
CSEA,DTLZ2,30,1.2995872554238859,0.09731488994335014,1.3079905643884624,1.1014661872566902,1.4594564578844598,300.0,311.0,29,0,"1,2,3,4,5,6,7,8,9,10,11,12,13,14,15,16,17,18,19,20,21,22,23,24,25,26,27,28,29,30"
CSEA,DTLZ4,30,1.223338951055505,0.07957180482172395,1.229705442409048,1.0552545049050537,1.3890054779111274,300.0,311.0,24,0,"1,2,3,4,5,6,7,8,9,10,11,12,13,14,15,16,17,18,19,20,21,22,23,24,25,26,27,28,29,30"
CSEA,DTLZ5,30,0.7436346027831519,0.12184292988916416,0.7413984857196053,0.40972655824785087,0.93976606747431,300.0,311.0,29,0,"1,2,3,4,5,6,7,8,9,10,11,12,13,14,15,16,17,18,19,20,21,22,23,24,25,26,27,28,29,30"
CSEA,DTLZ7,30,27.354559593319134,3.0689129082761246,27.276527864410212,15.976521112193076,31.233240034251867,300.0,311.0,24,0,"1,2,3,4,5,6,7,8,9,10,11,12,13,14,15,16,17,18,19,20,21,22,23,24,25,26,27,28,29,30"
PC-SAEA,DTLZ2,30,1.5128017236679365,0.05884345272214946,1.5178432752679099,1.3807317788898539,1.637715754321888,300.0,300.0,0,12,"1,2,3,4,5,6,7,8,9,10,11,12,13,14,15,16,17,18,19,20,21,22,23,24,25,26,27,28,29,30"
PC-SAEA,DTLZ4,30,1.6760983717464526,0.07624034576298724,1.6776856235086157,1.5040454336028293,1.8210781130282572,300.0,300.0,0,12,"1,2,3,4,5,6,7,8,9,10,11,12,13,14,15,16,17,18,19,20,21,22,23,24,25,26,27,28,29,30"
PC-SAEA,DTLZ5,30,0.9749183811980056,0.0849041117227278,0.9775856796267467,0.7853255072230114,1.1168663122186464,300.0,300.0,0,12,"1,2,3,4,5,6,7,8,9,10,11,12,13,14,15,16,17,18,19,20,21,22,23,24,25,26,27,28,29,30"
PC-SAEA,DTLZ7,30,28.79468843247556,2.032501483245316,28.975243703328758,24.627010937814678,32.73100903341111,300.0,300.0,0,12,"1,2,3,4,5,6,7,8,9,10,11,12,13,14,15,16,17,18,19,20,21,22,23,24,25,26,27,28,29,30"
K-RVEA,DTLZ2,30,1.4255569813061766,0.10660459610453218,1.4376254041631409,1.1932426147055268,1.6337428452853762,300.0,300.0,0,12,"1,2,3,4,5,6,7,8,9,10,11,12,13,14,15,16,17,18,19,20,21,22,23,24,25,26,27,28,29,30"
K-RVEA,DTLZ4,30,1.6232109003929958,0.11005958803892282,1.6221807990538513,1.4040310218694247,1.8624199581742893,300.0,300.0,0,12,"1,2,3,4,5,6,7,8,9,10,11,12,13,14,15,16,17,18,19,20,21,22,23,24,25,26,27,28,29,30"
K-RVEA,DTLZ5,30,0.8966370810843991,0.09337957455716042,0.904103016308172,0.7064163399569696,1.013638485610001,300.0,300.0,0,12,"1,2,3,4,5,6,7,8,9,10,11,12,13,14,15,16,17,18,19,20,21,22,23,24,25,26,27,28,29,30"
K-RVEA,DTLZ7,30,1.6495493903462553,0.23080798358476512,1.5709902236348978,1.4162768093377522,2.3215829188244372,300.0,300.0,0,12,"1,2,3,4,5,6,7,8,9,10,11,12,13,14,15,16,17,18,19,20,21,22,23,24,25,26,27,28,29,30"
MCEA/D,DTLZ2,30,1.0988460199824845,0.054493397983080054,1.0976331506738288,0.9892031936867866,1.2067523738237211,300.0,300.0,0,0,"1,2,3,4,5,6,7,8,9,10,11,12,13,14,15,16,17,18,19,20,21,22,23,24,25,26,27,28,29,30"
MCEA/D,DTLZ4,30,1.2517332665278942,0.016925027410780634,1.2559313192988268,1.2149684111693528,1.2800981477872042,300.0,300.0,0,0,"1,2,3,4,5,6,7,8,9,10,11,12,13,14,15,16,17,18,19,20,21,22,23,24,25,26,27,28,29,30"
MCEA/D,DTLZ5,30,0.3590835711610081,0.05915641997350407,0.34927552683972785,0.2437523898113855,0.46262517679177884,300.0,300.0,0,0,"1,2,3,4,5,6,7,8,9,10,11,12,13,14,15,16,17,18,19,20,21,22,23,24,25,26,27,28,29,30"
MCEA/D,DTLZ7,30,20.930999754164123,5.338803897166392,20.59380755938168,10.67223217022541,31.1350785109848,300.0,300.0,0,0,"1,2,3,4,5,6,7,8,9,10,11,12,13,14,15,16,17,18,19,20,21,22,23,24,25,26,27,28,29,30"
