algorithm,problem,FE_checkpoint,n,mean_IGD,sd_IGD
Lambdat030,DTLZ2,120,10,1.5877586768544854,0.08864574462038825
Lambdat030,DTLZ2,150,10,1.4259493849196807,0.07245723936992424
Lambdat030,DTLZ2,200,10,1.2910462953660249,0.11387892882634651
Lambdat030,DTLZ2,250,10,1.2024727260182824,0.09556939852786732
Lambdat030,DTLZ2,300,10,1.142419372598361,0.10180307249338696
Lambdat030,DTLZ4,120,10,1.7066850275267533,0.12462324543583865
Lambdat030,DTLZ4,150,10,1.5511360954049995,0.1093879055510111
Lambdat030,DTLZ4,200,10,1.402027815269237,0.1013157590299256
Lambdat030,DTLZ4,250,10,1.294139648467365,0.10104002135636025
Lambdat030,DTLZ4,300,10,1.1960947540081084,0.11314185846524445
Lambdat030,DTLZ5,120,10,0.9788664396955558,0.09301685010287586
Lambdat030,DTLZ5,150,10,0.9322483051437007,0.1081749388693661
Lambdat030,DTLZ5,200,10,0.8619646552459539,0.10825755882164208
Lambdat030,DTLZ5,250,10,0.7567733602447838,0.10370098096258483
Lambdat030,DTLZ5,300,10,0.7090299835814224,0.09703585994299735
Lambdat030,DTLZ7,120,10,28.202329088219084,1.438853257116142
Lambdat030,DTLZ7,150,10,22.922787112508434,2.533490867106999
Lambdat030,DTLZ7,200,10,16.543437933929578,1.8607406010766567
Lambdat030,DTLZ7,250,10,12.298828228245684,1.6815595152823561
Lambdat030,DTLZ7,300,10,10.271725049513112,1.393180584663908
Lambda020,DTLZ2,120,10,1.5901556960154313,0.09542864264116824
Lambda020,DTLZ2,150,10,1.4941990154391473,0.09975674869152848
Lambda020,DTLZ2,200,10,1.3199609471816978,0.06889546829319873
Lambda020,DTLZ2,250,10,1.2449526964327808,0.08406105370186877
Lambda020,DTLZ2,300,10,1.16952979561384,0.09130150902410872
Lambda020,DTLZ4,120,10,1.7830741707136475,0.07437633111386484
Lambda020,DTLZ4,150,10,1.6245843116924235,0.08747447725282965
Lambda020,DTLZ4,200,10,1.4695516023811854,0.048689305595419764
Lambda020,DTLZ4,250,10,1.3346364556476664,0.05960983796497914
Lambda020,DTLZ4,300,10,1.2532206317648096,0.08380375660379025
Lambda020,DTLZ5,120,10,1.0034342668336074,0.08538288802035192
Lambda020,DTLZ5,150,10,0.9655002968732246,0.0890165806922894
Lambda020,DTLZ5,200,10,0.8926821581691108,0.07610710962848145
Lambda020,DTLZ5,250,10,0.8239670702387587,0.11891197637916485
Lambda020,DTLZ5,300,10,0.7386160231822414,0.1062673575681627
Lambda020,DTLZ7,120,10,27.274289063326744,2.6339500946262944
Lambda020,DTLZ7,150,10,21.720948115083104,2.6836941189220758
Lambda020,DTLZ7,200,10,14.906849101552165,1.995759081379059
Lambda020,DTLZ7,250,10,11.131425123985656,2.056350440262433
Lambda020,DTLZ7,300,10,8.789936300881603,2.185686379213642
Weighted,DTLZ2,120,30,1.5773267158132067,0.07694513868784685
Weighted,DTLZ2,150,30,1.4779185399417032,0.08367128791748503
Weighted,DTLZ2,200,30,1.349472971469999,0.09669501301930818
Weighted,DTLZ2,250,30,1.2618517146695047,0.10053279394415492
Weighted,DTLZ2,300,30,1.194494427706754,0.09999650178331827
Weighted,DTLZ4,120,30,1.7748569170496502,0.10092828240703819
Weighted,DTLZ4,150,30,1.6738593233165395,0.10937323835882153
Weighted,DTLZ4,200,30,1.51938192345854,0.1177921605823555
Weighted,DTLZ4,250,30,1.379285035045082,0.11254181559163898
Weighted,DTLZ4,300,30,1.3062508358362943,0.11575717291365918
Weighted,DTLZ5,120,30,1.038460408309728,0.09944563836739899
Weighted,DTLZ5,150,30,1.0136580961153334,0.0966295892491606
Weighted,DTLZ5,200,30,0.921022640689222,0.10297248937811729
Weighted,DTLZ5,250,30,0.86574530622835,0.11469060478440894
Weighted,DTLZ5,300,30,0.801508608408058,0.11538587520629968
Weighted,DTLZ7,120,30,26.24838167914669,2.521499834833881
Weighted,DTLZ7,150,30,21.804444172759368,2.5847089885201746
Weighted,DTLZ7,200,30,15.342287093603435,2.469663011840536
Weighted,DTLZ7,250,30,11.448882564923826,1.635003293697029
Weighted,DTLZ7,300,30,8.727375847794601,1.2502012240416773
Original,DTLZ2,120,18,1.571225890109971,0.07542537101353307
Original,DTLZ2,150,18,1.4481782121728217,0.10325635696434737
Original,DTLZ2,200,18,1.304105358090216,0.11125075165023733
Original,DTLZ2,250,18,1.1825598949270422,0.09979581174596529
Original,DTLZ2,300,18,1.094627221548273,0.08879662358653115
Original,DTLZ4,120,18,1.7404928501199886,0.08308376279606766
Original,DTLZ4,150,18,1.5927055013170843,0.1185230755064986
Original,DTLZ4,200,18,1.4112535244609612,0.12104411299844008
Original,DTLZ4,250,18,1.2655356272728802,0.13068461922294627
Original,DTLZ4,300,18,1.1814016383622314,0.11240769011193652
Original,DTLZ5,120,18,1.0253523514318161,0.10793320771307055
Original,DTLZ5,150,18,0.9574377739540529,0.1274495866998009
Original,DTLZ5,200,18,0.86032161312306,0.1287357947349701
Original,DTLZ5,250,18,0.7440228102217625,0.1543874071405728
Original,DTLZ5,300,18,0.6604909494495319,0.14671639601877426
Original,DTLZ7,120,18,29.34709114094357,1.7597363915649977
Original,DTLZ7,150,18,24.78190024203376,2.391357890052465
Original,DTLZ7,200,18,19.62304295417758,3.140238716430411
Original,DTLZ7,250,18,14.513843889458839,3.001227961691134
Original,DTLZ7,300,18,12.122418678692757,2.7976910676662556
Pruned,DTLZ2,120,18,1.5801779992000138,0.125348185307379
Pruned,DTLZ2,150,18,1.4601153729845953,0.1419356794568914
Pruned,DTLZ2,200,18,1.3469115654966182,0.13395368856928783
Pruned,DTLZ2,250,18,1.2387329696854676,0.10727345256247457
Pruned,DTLZ2,300,18,1.166810631598551,0.07983887331531964
Pruned,DTLZ4,120,18,1.8171308977165757,0.08420672100714821
Pruned,DTLZ4,150,18,1.7141081857318634,0.09984278280833339
Pruned,DTLZ4,200,18,1.5721122143221646,0.10196160799630513
Pruned,DTLZ4,250,18,1.4155077030630625,0.13323166326746097
Pruned,DTLZ4,300,18,1.303760131608434,0.11189554767081887
Pruned,DTLZ5,120,18,1.0375917016177358,0.12245758719624768
Pruned,DTLZ5,150,18,1.0059702647833784,0.14157235959731032
Pruned,DTLZ5,200,18,0.93336811692129,0.1258149344310513
Pruned,DTLZ5,250,18,0.8629554779301455,0.1258177611574786
Pruned,DTLZ5,300,18,0.828481981456366,0.13308939838655512
Pruned,DTLZ7,120,18,27.51583585276903,2.341159395717939
Pruned,DTLZ7,150,18,22.362072023116575,2.4383542060968586
Pruned,DTLZ7,200,18,16.80409543274593,2.719838865061304
Pruned,DTLZ7,250,18,12.61056169215859,2.300981427543946
Pruned,DTLZ7,300,18,10.491813553403832,1.9497704643569505
Weighted_Q080,DTLZ2,120,18,1.5661324865321258,0.10158913677284483
Weighted_Q080,DTLZ2,150,18,1.4573686714431937,0.1072639730994765
Weighted_Q080,DTLZ2,200,18,1.3468069975749486,0.12149754832153728
Weighted_Q080,DTLZ2,250,18,1.2421752250009435,0.11064673376217751
Weighted_Q080,DTLZ2,300,18,1.1808070490905147,0.10611589789467364
Weighted_Q080,DTLZ5,120,18,0.987011320539604,0.11692294801720778
Weighted_Q080,DTLZ5,150,18,0.9461738791184242,0.11007139326306944
Weighted_Q080,DTLZ5,200,18,0.8986319209469245,0.11848957305461588
Weighted_Q080,DTLZ5,250,18,0.8262839617490904,0.12478947146023876
Weighted_Q080,DTLZ5,300,18,0.759644239857539,0.12862331324100493
Weighted_Q080,DTLZ7,120,18,25.933403796178418,2.2975713769437265
Weighted_Q080,DTLZ7,150,18,20.795093594506692,2.2264463925439872
Weighted_Q080,DTLZ7,200,18,15.431355602999227,1.4432083420933093
Weighted_Q080,DTLZ7,250,18,11.383637578313065,1.161915562209602
Weighted_Q080,DTLZ7,300,18,9.37427941258097,1.2230352958204387
REMO,DTLZ2,120,30,1.5973238567736818,0.09099691468078572
REMO,DTLZ2,150,30,1.463248877987668,0.09381808563749461
REMO,DTLZ2,200,30,1.3088967179436668,0.09640377810383864
REMO,DTLZ2,250,30,1.187774321670846,0.10348181121744612
REMO,DTLZ2,300,30,1.1201346330422834,0.09007324752523012
REMO,DTLZ4,120,30,1.7959843120522,0.09302196222748241
REMO,DTLZ4,150,30,1.6258845457845763,0.11486842561715724
REMO,DTLZ4,200,30,1.3665626281778729,0.10455516746076426
REMO,DTLZ4,250,30,1.231641839788631,0.1119033560899234
REMO,DTLZ4,300,30,1.1453529627575265,0.09971086468708933
REMO,DTLZ5,120,30,1.0732988213340926,0.09776139555237497
REMO,DTLZ5,150,30,0.958653893856845,0.11907975052484973
REMO,DTLZ5,200,30,0.8266509342683394,0.1306546930289121
REMO,DTLZ5,250,30,0.7278830103051184,0.13984033945127455
REMO,DTLZ5,300,30,0.6613241209203854,0.1346099885489505
REMO,DTLZ7,120,30,30.436761426667204,2.1072827081308994
REMO,DTLZ7,150,30,28.857884409374627,2.8822496651586715
REMO,DTLZ7,200,30,25.601095130563504,2.99856143964404
REMO,DTLZ7,250,30,22.827292520149193,2.8490045379026983
REMO,DTLZ7,300,30,21.096139725567244,2.530443115456326
PIEA,DTLZ2,120,30,1.2847712919695389,0.08026337998442992
PIEA,DTLZ2,150,30,1.1728735319347774,0.06324880310140685
PIEA,DTLZ2,200,30,1.0832452250265634,0.056997554611228116
PIEA,DTLZ2,250,30,1.0183506015651853,0.05593821313108302
PIEA,DTLZ2,300,30,0.979649905916819,0.0561049846097074
PIEA,DTLZ4,120,30,1.5036445850580955,0.08028676883311388
PIEA,DTLZ4,150,30,1.371902674929528,0.07139752158853044
PIEA,DTLZ4,200,30,1.2732232581771574,0.055745765269601406
PIEA,DTLZ4,250,30,1.2463275523810085,0.056362063611661364
PIEA,DTLZ4,300,30,1.2340312583526445,0.05326729494002462
PIEA,DTLZ5,120,30,0.7026272819272317,0.11747008792432156
PIEA,DTLZ5,150,30,0.5506210330170344,0.08880771257991017
PIEA,DTLZ5,200,30,0.412776889324668,0.05993604179689677
PIEA,DTLZ5,250,30,0.34477966815792555,0.05276862643534517
PIEA,DTLZ5,300,30,0.2983353404516781,0.03716416933966876
PIEA,DTLZ7,120,30,25.63256610089494,3.675685217020277
PIEA,DTLZ7,150,30,22.44606560553465,5.478160245179217
PIEA,DTLZ7,200,30,21.548149103388067,5.342426274065629
PIEA,DTLZ7,250,30,20.79807890379346,5.212848247018897
PIEA,DTLZ7,300,30,20.06584292051892,5.517353170115774
CSEA,DTLZ2,120,30,1.6577694007228823,0.054400212847629636
CSEA,DTLZ2,150,30,1.5922826276217519,0.08041084184936745
CSEA,DTLZ2,200,30,1.470011090399264,0.09373494113511696
CSEA,DTLZ2,250,30,1.3876166840992534,0.09907808924007479
CSEA,DTLZ2,300,30,1.3137509279163981,0.09531339255917903
CSEA,DTLZ4,120,30,1.8553476111026346,0.08909482067435073
CSEA,DTLZ4,150,30,1.6925910345132011,0.07990656441866428
CSEA,DTLZ4,200,30,1.4953469771929397,0.08250993643806422
CSEA,DTLZ4,250,30,1.3482810300935775,0.08361571248105437
CSEA,DTLZ4,300,30,1.2394791230630526,0.08238014401893168
CSEA,DTLZ5,120,30,1.0989113244445197,0.10336237335073666
CSEA,DTLZ5,150,30,1.017563162264992,0.10587910880673296
CSEA,DTLZ5,200,30,0.9224737931374266,0.11804313952509597
CSEA,DTLZ5,250,30,0.828847585727919,0.1339888965714992
CSEA,DTLZ5,300,30,0.7517462290054467,0.122273432205554
CSEA,DTLZ7,120,30,30.237529403174296,2.1592242297553623
CSEA,DTLZ7,150,30,29.524046900469443,1.8753958104999962
CSEA,DTLZ7,200,30,29.140556724300033,2.3150168492323817
CSEA,DTLZ7,250,30,28.462880929880665,3.0628422416948746
CSEA,DTLZ7,300,30,27.770920193248852,3.0250947320055803
PC-SAEA,DTLZ2,120,30,1.6731983462378144,0.07005972848336689
PC-SAEA,DTLZ2,150,30,1.6372559853985116,0.06571624633174947
PC-SAEA,DTLZ2,200,30,1.5938014860569398,0.05798514331248622
PC-SAEA,DTLZ2,250,30,1.5487674598725862,0.0498824935965316
PC-SAEA,DTLZ2,300,30,1.5128017236679365,0.05884345272214946
PC-SAEA,DTLZ4,120,30,1.8574010300699328,0.08481799632686723
PC-SAEA,DTLZ4,150,30,1.8324815971837012,0.08849771323445446
PC-SAEA,DTLZ4,200,30,1.7809200164678327,0.08464757868088657
PC-SAEA,DTLZ4,250,30,1.7315833811298589,0.08290789576545023
PC-SAEA,DTLZ4,300,30,1.6760983717464526,0.07624034576298724
PC-SAEA,DTLZ5,120,30,1.1000338120017419,0.08686852660409612
PC-SAEA,DTLZ5,150,30,1.0662480863296673,0.08876026929294774
PC-SAEA,DTLZ5,200,30,1.0265781450171496,0.09507767858613737
PC-SAEA,DTLZ5,250,30,0.9904599083969774,0.09189352195151573
PC-SAEA,DTLZ5,300,30,0.9749183811980056,0.0849041117227278
PC-SAEA,DTLZ7,120,30,29.89662485937711,2.427046932880836
PC-SAEA,DTLZ7,150,30,29.670897203860292,2.1478891538314584
PC-SAEA,DTLZ7,200,30,29.18621949169414,2.2518158332767695
PC-SAEA,DTLZ7,250,30,28.96659376642845,2.144426539361466
PC-SAEA,DTLZ7,300,30,28.79468843247556,2.032501483245316
K-RVEA,DTLZ2,120,30,1.6508456757340655,0.10336849247050779
K-RVEA,DTLZ2,150,30,1.583000480731289,0.1079501100939271
K-RVEA,DTLZ2,200,30,1.5200493738315957,0.10995574026554952
K-RVEA,DTLZ2,250,30,1.4767622095984492,0.11287086637195635
K-RVEA,DTLZ2,300,30,1.4255569813061766,0.10660459610453218
K-RVEA,DTLZ4,120,30,1.8995162903609721,0.06682370494957982
K-RVEA,DTLZ4,150,30,1.8320819727471773,0.09195847783483892
K-RVEA,DTLZ4,200,30,1.7183091812475477,0.1031722141773539
K-RVEA,DTLZ4,250,30,1.6671493059181244,0.10707088889642066
K-RVEA,DTLZ4,300,30,1.6232109003929958,0.11005958803892282
K-RVEA,DTLZ5,120,30,1.0455344955650845,0.11410217811500946
K-RVEA,DTLZ5,150,30,0.9960757540044172,0.09960102141483626
K-RVEA,DTLZ5,200,30,0.9435001233607101,0.08422907300640108
K-RVEA,DTLZ5,250,30,0.9123717521465083,0.08827817651772522
K-RVEA,DTLZ5,300,30,0.8966370810843991,0.09337957455716042
K-RVEA,DTLZ7,120,30,12.650453715838925,2.038471344008001
K-RVEA,DTLZ7,150,30,7.191901975811566,1.4327274111630197
K-RVEA,DTLZ7,200,30,3.3700622985622184,1.0597971512445696
K-RVEA,DTLZ7,250,30,2.060738339636683,0.5803417261447104
K-RVEA,DTLZ7,300,30,1.6495493903462553,0.23080798358476512
MCEA/D,DTLZ2,120,30,1.2212692287384317,0.06547355384937334
MCEA/D,DTLZ2,150,30,1.17729969532717,0.07375481645858918
MCEA/D,DTLZ2,200,30,1.1281218038746468,0.06351961268199208
MCEA/D,DTLZ2,250,30,1.112758969366229,0.05922391548871141
MCEA/D,DTLZ2,300,30,1.0988460199824845,0.054493397983080054
MCEA/D,DTLZ4,120,30,1.4371377627769961,0.04213930308578608
MCEA/D,DTLZ4,150,30,1.303770318466212,0.020615511865248137
MCEA/D,DTLZ4,200,30,1.2723245598508697,0.01755061575653728
MCEA/D,DTLZ4,250,30,1.2607529314921992,0.019351645611541235
MCEA/D,DTLZ4,300,30,1.2517332665278942,0.016925027410780634
MCEA/D,DTLZ5,120,30,0.5682228111934566,0.09542111177439325
MCEA/D,DTLZ5,150,30,0.5092225279220911,0.09525768525060012
MCEA/D,DTLZ5,200,30,0.41640167365844066,0.07914636686198266
MCEA/D,DTLZ5,250,30,0.3901067226857765,0.07443676862498547
MCEA/D,DTLZ5,300,30,0.3590835711610081,0.05915641997350407
MCEA/D,DTLZ7,120,30,29.92514366548829,2.823341854822602
MCEA/D,DTLZ7,150,30,27.922676878729757,3.2800634949894114
MCEA/D,DTLZ7,200,30,24.403323250076348,4.683652001527551
MCEA/D,DTLZ7,250,30,23.06033041991743,5.191137057854618
MCEA/D,DTLZ7,300,30,20.930999754164123,5.338803897166392
