variant,problem,run,FE,IGD,runtime,seed,qKeep,modeRunId,file
Original,DTLZ2,1,300,1.19954665907235,336.1713555,NaN,NaN,NaN,C:\Users\lsx\Desktop\REMOandDREMO测试集\10目标\n30\REMO_new2_AdaMaO_SDEOnly_UniformMix_Original\REMO_new2_AdaMaO_SDEOnly_UniformMix_Original_DTLZ2_M10_D30_1.mat
Original,DTLZ2,2,300,1.2874821337267,340.559134,NaN,NaN,NaN,C:\Users\lsx\Desktop\REMOandDREMO测试集\10目标\n30\REMO_new2_AdaMaO_SDEOnly_UniformMix_Original\REMO_new2_AdaMaO_SDEOnly_UniformMix_Original_DTLZ2_M10_D30_2.mat
Original,DTLZ2,3,300,1.10025837715864,338.8022749,NaN,NaN,NaN,C:\Users\lsx\Desktop\REMOandDREMO测试集\10目标\n30\REMO_new2_AdaMaO_SDEOnly_UniformMix_Original\REMO_new2_AdaMaO_SDEOnly_UniformMix_Original_DTLZ2_M10_D30_3.mat
Original,DTLZ2,4,300,0.963408455975341,337.9017406,NaN,NaN,NaN,C:\Users\lsx\Desktop\REMOandDREMO测试集\10目标\n30\REMO_new2_AdaMaO_SDEOnly_UniformMix_Original\REMO_new2_AdaMaO_SDEOnly_UniformMix_Original_DTLZ2_M10_D30_4.mat
Original,DTLZ2,5,300,0.999068820835006,347.7388144,NaN,NaN,NaN,C:\Users\lsx\Desktop\REMOandDREMO测试集\10目标\n30\REMO_new2_AdaMaO_SDEOnly_UniformMix_Original\REMO_new2_AdaMaO_SDEOnly_UniformMix_Original_DTLZ2_M10_D30_5.mat
Original,DTLZ2,6,300,1.16704571188437,332.8066976,NaN,NaN,NaN,C:\Users\lsx\Desktop\REMOandDREMO测试集\10目标\n30\REMO_new2_AdaMaO_SDEOnly_UniformMix_Original\REMO_new2_AdaMaO_SDEOnly_UniformMix_Original_DTLZ2_M10_D30_6.mat
Original,DTLZ2,7,300,1.00582399797306,328.4947609,NaN,NaN,NaN,C:\Users\lsx\Desktop\REMOandDREMO测试集\10目标\n30\REMO_new2_AdaMaO_SDEOnly_UniformMix_Original\REMO_new2_AdaMaO_SDEOnly_UniformMix_Original_DTLZ2_M10_D30_7.mat
Original,DTLZ2,8,300,1.14433647225001,331.3323291,NaN,NaN,NaN,C:\Users\lsx\Desktop\REMOandDREMO测试集\10目标\n30\REMO_new2_AdaMaO_SDEOnly_UniformMix_Original\REMO_new2_AdaMaO_SDEOnly_UniformMix_Original_DTLZ2_M10_D30_8.mat
Original,DTLZ2,9,300,1.11640532634696,320.830673,NaN,NaN,NaN,C:\Users\lsx\Desktop\REMOandDREMO测试集\10目标\n30\REMO_new2_AdaMaO_SDEOnly_UniformMix_Original\REMO_new2_AdaMaO_SDEOnly_UniformMix_Original_DTLZ2_M10_D30_9.mat
Original,DTLZ2,10,300,1.02454883245997,331.2863384,NaN,NaN,NaN,C:\Users\lsx\Desktop\REMOandDREMO测试集\10目标\n30\REMO_new2_AdaMaO_SDEOnly_UniformMix_Original\REMO_new2_AdaMaO_SDEOnly_UniformMix_Original_DTLZ2_M10_D30_10.mat
Original,DTLZ2,11,300,1.13325904572961,322.6428034,NaN,NaN,NaN,C:\Users\lsx\Desktop\REMOandDREMO测试集\10目标\n30\REMO_new2_AdaMaO_SDEOnly_UniformMix_Original\REMO_new2_AdaMaO_SDEOnly_UniformMix_Original_DTLZ2_M10_D30_11.mat
Original,DTLZ2,12,300,1.12004815237812,334.6267211,NaN,NaN,NaN,C:\Users\lsx\Desktop\REMOandDREMO测试集\10目标\n30\REMO_new2_AdaMaO_SDEOnly_UniformMix_Original\REMO_new2_AdaMaO_SDEOnly_UniformMix_Original_DTLZ2_M10_D30_12.mat
Original,DTLZ2,13,300,1.01812065690922,329.0622173,NaN,NaN,NaN,C:\Users\lsx\Desktop\REMOandDREMO测试集\10目标\n30\REMO_new2_AdaMaO_SDEOnly_UniformMix_Original\REMO_new2_AdaMaO_SDEOnly_UniformMix_Original_DTLZ2_M10_D30_13.mat
Original,DTLZ2,14,300,1.07665818044347,330.3395488,NaN,NaN,NaN,C:\Users\lsx\Desktop\REMOandDREMO测试集\10目标\n30\REMO_new2_AdaMaO_SDEOnly_UniformMix_Original\REMO_new2_AdaMaO_SDEOnly_UniformMix_Original_DTLZ2_M10_D30_14.mat
Original,DTLZ2,15,300,1.11783308932352,318.0398817,NaN,NaN,NaN,C:\Users\lsx\Desktop\REMOandDREMO测试集\10目标\n30\REMO_new2_AdaMaO_SDEOnly_UniformMix_Original\REMO_new2_AdaMaO_SDEOnly_UniformMix_Original_DTLZ2_M10_D30_15.mat
Original,DTLZ2,16,300,1.06667613384691,321.2374838,NaN,NaN,NaN,C:\Users\lsx\Desktop\REMOandDREMO测试集\10目标\n30\REMO_new2_AdaMaO_SDEOnly_UniformMix_Original\REMO_new2_AdaMaO_SDEOnly_UniformMix_Original_DTLZ2_M10_D30_16.mat
Original,DTLZ2,17,300,1.20073257135247,332.3602272,NaN,NaN,NaN,C:\Users\lsx\Desktop\REMOandDREMO测试集\10目标\n30\REMO_new2_AdaMaO_SDEOnly_UniformMix_Original\REMO_new2_AdaMaO_SDEOnly_UniformMix_Original_DTLZ2_M10_D30_17.mat
Original,DTLZ2,18,300,0.962037370203197,322.6136864,NaN,NaN,NaN,C:\Users\lsx\Desktop\REMOandDREMO测试集\10目标\n30\REMO_new2_AdaMaO_SDEOnly_UniformMix_Original\REMO_new2_AdaMaO_SDEOnly_UniformMix_Original_DTLZ2_M10_D30_18.mat
Original,DTLZ5,1,300,0.450157302018104,384.9903753,NaN,NaN,NaN,C:\Users\lsx\Desktop\REMOandDREMO测试集\10目标\n30\REMO_new2_AdaMaO_SDEOnly_UniformMix_Original\REMO_new2_AdaMaO_SDEOnly_UniformMix_Original_DTLZ5_M10_D30_1.mat
Original,DTLZ5,2,300,0.480483833397985,403.348079,NaN,NaN,NaN,C:\Users\lsx\Desktop\REMOandDREMO测试集\10目标\n30\REMO_new2_AdaMaO_SDEOnly_UniformMix_Original\REMO_new2_AdaMaO_SDEOnly_UniformMix_Original_DTLZ5_M10_D30_2.mat
Original,DTLZ5,3,300,1.0068575319216,380.3996206,NaN,NaN,NaN,C:\Users\lsx\Desktop\REMOandDREMO测试集\10目标\n30\REMO_new2_AdaMaO_SDEOnly_UniformMix_Original\REMO_new2_AdaMaO_SDEOnly_UniformMix_Original_DTLZ5_M10_D30_3.mat
Original,DTLZ5,4,300,0.495951529273971,382.8441476,NaN,NaN,NaN,C:\Users\lsx\Desktop\REMOandDREMO测试集\10目标\n30\REMO_new2_AdaMaO_SDEOnly_UniformMix_Original\REMO_new2_AdaMaO_SDEOnly_UniformMix_Original_DTLZ5_M10_D30_4.mat
Original,DTLZ5,5,300,0.719821946872806,399.7586697,NaN,NaN,NaN,C:\Users\lsx\Desktop\REMOandDREMO测试集\10目标\n30\REMO_new2_AdaMaO_SDEOnly_UniformMix_Original\REMO_new2_AdaMaO_SDEOnly_UniformMix_Original_DTLZ5_M10_D30_5.mat
Original,DTLZ5,6,300,0.604731604887166,394.8328019,NaN,NaN,NaN,C:\Users\lsx\Desktop\REMOandDREMO测试集\10目标\n30\REMO_new2_AdaMaO_SDEOnly_UniformMix_Original\REMO_new2_AdaMaO_SDEOnly_UniformMix_Original_DTLZ5_M10_D30_6.mat
Original,DTLZ5,7,300,0.822597044238892,387.3372725,NaN,NaN,NaN,C:\Users\lsx\Desktop\REMOandDREMO测试集\10目标\n30\REMO_new2_AdaMaO_SDEOnly_UniformMix_Original\REMO_new2_AdaMaO_SDEOnly_UniformMix_Original_DTLZ5_M10_D30_7.mat
Original,DTLZ5,8,300,0.634476815525018,380.9978172,NaN,NaN,NaN,C:\Users\lsx\Desktop\REMOandDREMO测试集\10目标\n30\REMO_new2_AdaMaO_SDEOnly_UniformMix_Original\REMO_new2_AdaMaO_SDEOnly_UniformMix_Original_DTLZ5_M10_D30_8.mat
Original,DTLZ5,9,300,0.660122814977937,384.4608497,NaN,NaN,NaN,C:\Users\lsx\Desktop\REMOandDREMO测试集\10目标\n30\REMO_new2_AdaMaO_SDEOnly_UniformMix_Original\REMO_new2_AdaMaO_SDEOnly_UniformMix_Original_DTLZ5_M10_D30_9.mat
Original,DTLZ5,10,300,0.711338665422433,376.0961108,NaN,NaN,NaN,C:\Users\lsx\Desktop\REMOandDREMO测试集\10目标\n30\REMO_new2_AdaMaO_SDEOnly_UniformMix_Original\REMO_new2_AdaMaO_SDEOnly_UniformMix_Original_DTLZ5_M10_D30_10.mat
Original,DTLZ5,11,300,0.505045553955416,393.0269815,NaN,NaN,NaN,C:\Users\lsx\Desktop\REMOandDREMO测试集\10目标\n30\REMO_new2_AdaMaO_SDEOnly_UniformMix_Original\REMO_new2_AdaMaO_SDEOnly_UniformMix_Original_DTLZ5_M10_D30_11.mat
Original,DTLZ5,12,300,0.694027217595111,380.5339991,NaN,NaN,NaN,C:\Users\lsx\Desktop\REMOandDREMO测试集\10目标\n30\REMO_new2_AdaMaO_SDEOnly_UniformMix_Original\REMO_new2_AdaMaO_SDEOnly_UniformMix_Original_DTLZ5_M10_D30_12.mat
Original,DTLZ5,13,300,0.693749327575259,373.219646,NaN,NaN,NaN,C:\Users\lsx\Desktop\REMOandDREMO测试集\10目标\n30\REMO_new2_AdaMaO_SDEOnly_UniformMix_Original\REMO_new2_AdaMaO_SDEOnly_UniformMix_Original_DTLZ5_M10_D30_13.mat
Original,DTLZ5,14,300,0.707509916235698,390.4586986,NaN,NaN,NaN,C:\Users\lsx\Desktop\REMOandDREMO测试集\10目标\n30\REMO_new2_AdaMaO_SDEOnly_UniformMix_Original\REMO_new2_AdaMaO_SDEOnly_UniformMix_Original_DTLZ5_M10_D30_14.mat
Original,DTLZ5,15,300,0.461212869122645,385.6406175,NaN,NaN,NaN,C:\Users\lsx\Desktop\REMOandDREMO测试集\10目标\n30\REMO_new2_AdaMaO_SDEOnly_UniformMix_Original\REMO_new2_AdaMaO_SDEOnly_UniformMix_Original_DTLZ5_M10_D30_15.mat
Original,DTLZ5,16,300,0.663077036781545,385.6994138,NaN,NaN,NaN,C:\Users\lsx\Desktop\REMOandDREMO测试集\10目标\n30\REMO_new2_AdaMaO_SDEOnly_UniformMix_Original\REMO_new2_AdaMaO_SDEOnly_UniformMix_Original_DTLZ5_M10_D30_16.mat
Original,DTLZ5,17,300,0.837888080612634,380.215328,NaN,NaN,NaN,C:\Users\lsx\Desktop\REMOandDREMO测试集\10目标\n30\REMO_new2_AdaMaO_SDEOnly_UniformMix_Original\REMO_new2_AdaMaO_SDEOnly_UniformMix_Original_DTLZ5_M10_D30_17.mat
Original,DTLZ5,18,300,0.739787999677359,376.7445312,NaN,NaN,NaN,C:\Users\lsx\Desktop\REMOandDREMO测试集\10目标\n30\REMO_new2_AdaMaO_SDEOnly_UniformMix_Original\REMO_new2_AdaMaO_SDEOnly_UniformMix_Original_DTLZ5_M10_D30_18.mat
Original,DTLZ7,1,300,12.8791448525983,368.4711314,NaN,NaN,NaN,C:\Users\lsx\Desktop\REMOandDREMO测试集\10目标\n30\REMO_new2_AdaMaO_SDEOnly_UniformMix_Original\REMO_new2_AdaMaO_SDEOnly_UniformMix_Original_DTLZ7_M10_D30_1.mat
Original,DTLZ7,2,300,8.90714377729018,344.106792,NaN,NaN,NaN,C:\Users\lsx\Desktop\REMOandDREMO测试集\10目标\n30\REMO_new2_AdaMaO_SDEOnly_UniformMix_Original\REMO_new2_AdaMaO_SDEOnly_UniformMix_Original_DTLZ7_M10_D30_2.mat
Original,DTLZ7,3,300,15.5956692428324,345.2202498,NaN,NaN,NaN,C:\Users\lsx\Desktop\REMOandDREMO测试集\10目标\n30\REMO_new2_AdaMaO_SDEOnly_UniformMix_Original\REMO_new2_AdaMaO_SDEOnly_UniformMix_Original_DTLZ7_M10_D30_3.mat
Original,DTLZ7,4,300,14.8803294729203,350.4438644,NaN,NaN,NaN,C:\Users\lsx\Desktop\REMOandDREMO测试集\10目标\n30\REMO_new2_AdaMaO_SDEOnly_UniformMix_Original\REMO_new2_AdaMaO_SDEOnly_UniformMix_Original_DTLZ7_M10_D30_4.mat
Original,DTLZ7,5,300,10.6530307878118,350.5215292,NaN,NaN,NaN,C:\Users\lsx\Desktop\REMOandDREMO测试集\10目标\n30\REMO_new2_AdaMaO_SDEOnly_UniformMix_Original\REMO_new2_AdaMaO_SDEOnly_UniformMix_Original_DTLZ7_M10_D30_5.mat
Original,DTLZ7,6,300,7.50307828102356,348.5260353,NaN,NaN,NaN,C:\Users\lsx\Desktop\REMOandDREMO测试集\10目标\n30\REMO_new2_AdaMaO_SDEOnly_UniformMix_Original\REMO_new2_AdaMaO_SDEOnly_UniformMix_Original_DTLZ7_M10_D30_6.mat
Original,DTLZ7,7,300,9.5362574028772,338.8515409,NaN,NaN,NaN,C:\Users\lsx\Desktop\REMOandDREMO测试集\10目标\n30\REMO_new2_AdaMaO_SDEOnly_UniformMix_Original\REMO_new2_AdaMaO_SDEOnly_UniformMix_Original_DTLZ7_M10_D30_7.mat
Original,DTLZ7,8,300,11.5892056854052,332.359763,NaN,NaN,NaN,C:\Users\lsx\Desktop\REMOandDREMO测试集\10目标\n30\REMO_new2_AdaMaO_SDEOnly_UniformMix_Original\REMO_new2_AdaMaO_SDEOnly_UniformMix_Original_DTLZ7_M10_D30_8.mat
Original,DTLZ7,9,300,17.0276477981723,335.3472484,NaN,NaN,NaN,C:\Users\lsx\Desktop\REMOandDREMO测试集\10目标\n30\REMO_new2_AdaMaO_SDEOnly_UniformMix_Original\REMO_new2_AdaMaO_SDEOnly_UniformMix_Original_DTLZ7_M10_D30_9.mat
Original,DTLZ7,10,300,12.9370817563685,343.6752742,NaN,NaN,NaN,C:\Users\lsx\Desktop\REMOandDREMO测试集\10目标\n30\REMO_new2_AdaMaO_SDEOnly_UniformMix_Original\REMO_new2_AdaMaO_SDEOnly_UniformMix_Original_DTLZ7_M10_D30_10.mat
Original,DTLZ7,11,300,14.8150342565045,349.8452404,NaN,NaN,NaN,C:\Users\lsx\Desktop\REMOandDREMO测试集\10目标\n30\REMO_new2_AdaMaO_SDEOnly_UniformMix_Original\REMO_new2_AdaMaO_SDEOnly_UniformMix_Original_DTLZ7_M10_D30_11.mat
Original,DTLZ7,12,300,11.8503613892732,332.6958082,NaN,NaN,NaN,C:\Users\lsx\Desktop\REMOandDREMO测试集\10目标\n30\REMO_new2_AdaMaO_SDEOnly_UniformMix_Original\REMO_new2_AdaMaO_SDEOnly_UniformMix_Original_DTLZ7_M10_D30_12.mat
Original,DTLZ7,13,300,7.45957458198778,383.3787968,NaN,NaN,NaN,C:\Users\lsx\Desktop\REMOandDREMO测试集\10目标\n30\REMO_new2_AdaMaO_SDEOnly_UniformMix_Original\REMO_new2_AdaMaO_SDEOnly_UniformMix_Original_DTLZ7_M10_D30_13.mat
Original,DTLZ7,14,300,13.47670386971,377.720407,NaN,NaN,NaN,C:\Users\lsx\Desktop\REMOandDREMO测试集\10目标\n30\REMO_new2_AdaMaO_SDEOnly_UniformMix_Original\REMO_new2_AdaMaO_SDEOnly_UniformMix_Original_DTLZ7_M10_D30_14.mat
Original,DTLZ7,15,300,11.7755029982419,374.38835,NaN,NaN,NaN,C:\Users\lsx\Desktop\REMOandDREMO测试集\10目标\n30\REMO_new2_AdaMaO_SDEOnly_UniformMix_Original\REMO_new2_AdaMaO_SDEOnly_UniformMix_Original_DTLZ7_M10_D30_15.mat
Original,DTLZ7,16,300,9.18296894575049,380.4543809,NaN,NaN,NaN,C:\Users\lsx\Desktop\REMOandDREMO测试集\10目标\n30\REMO_new2_AdaMaO_SDEOnly_UniformMix_Original\REMO_new2_AdaMaO_SDEOnly_UniformMix_Original_DTLZ7_M10_D30_16.mat
Original,DTLZ7,17,300,14.2379713084578,387.9944885,NaN,NaN,NaN,C:\Users\lsx\Desktop\REMOandDREMO测试集\10目标\n30\REMO_new2_AdaMaO_SDEOnly_UniformMix_Original\REMO_new2_AdaMaO_SDEOnly_UniformMix_Original_DTLZ7_M10_D30_17.mat
Original,DTLZ7,18,300,13.8968298092442,385.5595671,NaN,NaN,NaN,C:\Users\lsx\Desktop\REMOandDREMO测试集\10目标\n30\REMO_new2_AdaMaO_SDEOnly_UniformMix_Original\REMO_new2_AdaMaO_SDEOnly_UniformMix_Original_DTLZ7_M10_D30_18.mat
Original,WFG7,1,300,5.21405248021959,323.1219974,NaN,NaN,NaN,C:\Users\lsx\Desktop\REMOandDREMO测试集\10目标\n30\REMO_new2_AdaMaO_SDEOnly_UniformMix_Original\REMO_new2_AdaMaO_SDEOnly_UniformMix_Original_WFG7_M10_D30_1.mat
Original,WFG7,2,300,5.84827008920213,329.3473894,NaN,NaN,NaN,C:\Users\lsx\Desktop\REMOandDREMO测试集\10目标\n30\REMO_new2_AdaMaO_SDEOnly_UniformMix_Original\REMO_new2_AdaMaO_SDEOnly_UniformMix_Original_WFG7_M10_D30_2.mat
Original,WFG7,3,300,5.34863959488578,322.2062687,NaN,NaN,NaN,C:\Users\lsx\Desktop\REMOandDREMO测试集\10目标\n30\REMO_new2_AdaMaO_SDEOnly_UniformMix_Original\REMO_new2_AdaMaO_SDEOnly_UniformMix_Original_WFG7_M10_D30_3.mat
Original,WFG7,4,300,5.2060536862913,322.8334019,NaN,NaN,NaN,C:\Users\lsx\Desktop\REMOandDREMO测试集\10目标\n30\REMO_new2_AdaMaO_SDEOnly_UniformMix_Original\REMO_new2_AdaMaO_SDEOnly_UniformMix_Original_WFG7_M10_D30_4.mat
Original,WFG7,5,300,5.26465949103422,324.6002824,NaN,NaN,NaN,C:\Users\lsx\Desktop\REMOandDREMO测试集\10目标\n30\REMO_new2_AdaMaO_SDEOnly_UniformMix_Original\REMO_new2_AdaMaO_SDEOnly_UniformMix_Original_WFG7_M10_D30_5.mat
Original,WFG7,6,300,4.93890220205244,328.0961054,NaN,NaN,NaN,C:\Users\lsx\Desktop\REMOandDREMO测试集\10目标\n30\REMO_new2_AdaMaO_SDEOnly_UniformMix_Original\REMO_new2_AdaMaO_SDEOnly_UniformMix_Original_WFG7_M10_D30_6.mat
Original,WFG7,7,300,5.24890078860045,314.0342829,NaN,NaN,NaN,C:\Users\lsx\Desktop\REMOandDREMO测试集\10目标\n30\REMO_new2_AdaMaO_SDEOnly_UniformMix_Original\REMO_new2_AdaMaO_SDEOnly_UniformMix_Original_WFG7_M10_D30_7.mat
Original,WFG7,8,300,5.38686674856243,327.9476144,NaN,NaN,NaN,C:\Users\lsx\Desktop\REMOandDREMO测试集\10目标\n30\REMO_new2_AdaMaO_SDEOnly_UniformMix_Original\REMO_new2_AdaMaO_SDEOnly_UniformMix_Original_WFG7_M10_D30_8.mat
Original,WFG7,9,300,5.93462715992716,331.1636685,NaN,NaN,NaN,C:\Users\lsx\Desktop\REMOandDREMO测试集\10目标\n30\REMO_new2_AdaMaO_SDEOnly_UniformMix_Original\REMO_new2_AdaMaO_SDEOnly_UniformMix_Original_WFG7_M10_D30_9.mat
Original,WFG7,10,300,5.03645081235377,321.2451384,NaN,NaN,NaN,C:\Users\lsx\Desktop\REMOandDREMO测试集\10目标\n30\REMO_new2_AdaMaO_SDEOnly_UniformMix_Original\REMO_new2_AdaMaO_SDEOnly_UniformMix_Original_WFG7_M10_D30_10.mat
Original,WFG7,11,300,5.51727012339399,325.5855694,NaN,NaN,NaN,C:\Users\lsx\Desktop\REMOandDREMO测试集\10目标\n30\REMO_new2_AdaMaO_SDEOnly_UniformMix_Original\REMO_new2_AdaMaO_SDEOnly_UniformMix_Original_WFG7_M10_D30_11.mat
Original,WFG7,12,300,5.0457605280466,322.8555899,NaN,NaN,NaN,C:\Users\lsx\Desktop\REMOandDREMO测试集\10目标\n30\REMO_new2_AdaMaO_SDEOnly_UniformMix_Original\REMO_new2_AdaMaO_SDEOnly_UniformMix_Original_WFG7_M10_D30_12.mat
Original,WFG7,13,300,5.33252826908261,327.7981194,NaN,NaN,NaN,C:\Users\lsx\Desktop\REMOandDREMO测试集\10目标\n30\REMO_new2_AdaMaO_SDEOnly_UniformMix_Original\REMO_new2_AdaMaO_SDEOnly_UniformMix_Original_WFG7_M10_D30_13.mat
Original,WFG7,14,300,5.28173073291705,323.5101897,NaN,NaN,NaN,C:\Users\lsx\Desktop\REMOandDREMO测试集\10目标\n30\REMO_new2_AdaMaO_SDEOnly_UniformMix_Original\REMO_new2_AdaMaO_SDEOnly_UniformMix_Original_WFG7_M10_D30_14.mat
Original,WFG7,15,300,5.13984933052316,315.3881077,NaN,NaN,NaN,C:\Users\lsx\Desktop\REMOandDREMO测试集\10目标\n30\REMO_new2_AdaMaO_SDEOnly_UniformMix_Original\REMO_new2_AdaMaO_SDEOnly_UniformMix_Original_WFG7_M10_D30_15.mat
Original,WFG7,16,300,5.12704359982863,319.3466538,NaN,NaN,NaN,C:\Users\lsx\Desktop\REMOandDREMO测试集\10目标\n30\REMO_new2_AdaMaO_SDEOnly_UniformMix_Original\REMO_new2_AdaMaO_SDEOnly_UniformMix_Original_WFG7_M10_D30_16.mat
Original,WFG7,17,300,5.16557066653821,321.9792533,NaN,NaN,NaN,C:\Users\lsx\Desktop\REMOandDREMO测试集\10目标\n30\REMO_new2_AdaMaO_SDEOnly_UniformMix_Original\REMO_new2_AdaMaO_SDEOnly_UniformMix_Original_WFG7_M10_D30_17.mat
Original,WFG7,18,300,5.30637592281461,319.4143512,NaN,NaN,NaN,C:\Users\lsx\Desktop\REMOandDREMO测试集\10目标\n30\REMO_new2_AdaMaO_SDEOnly_UniformMix_Original\REMO_new2_AdaMaO_SDEOnly_UniformMix_Original_WFG7_M10_D30_18.mat
Pruned_Weighted,DTLZ2,1,300,1.067776056568,364.1284174,NaN,NaN,NaN,C:\Users\lsx\Desktop\REMOandDREMO测试集\10目标\n30\REMO_new2_AdaMaO_SDEOnly_UniformMix_Pruned_Weighted\REMO_new2_AdaMaO_SDEOnly_UniformMix_Pruned_Weighted_DTLZ2_M10_D30_1.mat
Pruned_Weighted,DTLZ2,2,300,1.16799580473472,371.798467,NaN,NaN,NaN,C:\Users\lsx\Desktop\REMOandDREMO测试集\10目标\n30\REMO_new2_AdaMaO_SDEOnly_UniformMix_Pruned_Weighted\REMO_new2_AdaMaO_SDEOnly_UniformMix_Pruned_Weighted_DTLZ2_M10_D30_2.mat
Pruned_Weighted,DTLZ2,3,300,1.04632610921604,361.1505662,NaN,NaN,NaN,C:\Users\lsx\Desktop\REMOandDREMO测试集\10目标\n30\REMO_new2_AdaMaO_SDEOnly_UniformMix_Pruned_Weighted\REMO_new2_AdaMaO_SDEOnly_UniformMix_Pruned_Weighted_DTLZ2_M10_D30_3.mat
Pruned_Weighted,DTLZ2,4,300,1.28598559717861,372.7156719,NaN,NaN,NaN,C:\Users\lsx\Desktop\REMOandDREMO测试集\10目标\n30\REMO_new2_AdaMaO_SDEOnly_UniformMix_Pruned_Weighted\REMO_new2_AdaMaO_SDEOnly_UniformMix_Pruned_Weighted_DTLZ2_M10_D30_4.mat
Pruned_Weighted,DTLZ2,5,300,1.18044336098058,357.7146842,NaN,NaN,NaN,C:\Users\lsx\Desktop\REMOandDREMO测试集\10目标\n30\REMO_new2_AdaMaO_SDEOnly_UniformMix_Pruned_Weighted\REMO_new2_AdaMaO_SDEOnly_UniformMix_Pruned_Weighted_DTLZ2_M10_D30_5.mat
Pruned_Weighted,DTLZ2,6,300,1.21514753256629,279.9187916,NaN,NaN,NaN,C:\Users\lsx\Desktop\REMOandDREMO测试集\10目标\n30\REMO_new2_AdaMaO_SDEOnly_UniformMix_Pruned_Weighted\REMO_new2_AdaMaO_SDEOnly_UniformMix_Pruned_Weighted_DTLZ2_M10_D30_6.mat
Pruned_Weighted,DTLZ2,7,300,1.30723398057942,279.5055959,NaN,NaN,NaN,C:\Users\lsx\Desktop\REMOandDREMO测试集\10目标\n30\REMO_new2_AdaMaO_SDEOnly_UniformMix_Pruned_Weighted\REMO_new2_AdaMaO_SDEOnly_UniformMix_Pruned_Weighted_DTLZ2_M10_D30_7.mat
Pruned_Weighted,DTLZ2,8,300,1.24679334735045,280.9566982,NaN,NaN,NaN,C:\Users\lsx\Desktop\REMOandDREMO测试集\10目标\n30\REMO_new2_AdaMaO_SDEOnly_UniformMix_Pruned_Weighted\REMO_new2_AdaMaO_SDEOnly_UniformMix_Pruned_Weighted_DTLZ2_M10_D30_8.mat
Pruned_Weighted,DTLZ2,9,300,1.23510643533917,274.2478186,NaN,NaN,NaN,C:\Users\lsx\Desktop\REMOandDREMO测试集\10目标\n30\REMO_new2_AdaMaO_SDEOnly_UniformMix_Pruned_Weighted\REMO_new2_AdaMaO_SDEOnly_UniformMix_Pruned_Weighted_DTLZ2_M10_D30_9.mat
Pruned_Weighted,DTLZ2,10,300,1.32021595367652,431.5939094,NaN,NaN,NaN,C:\Users\lsx\Desktop\REMOandDREMO测试集\10目标\n30\REMO_new2_AdaMaO_SDEOnly_UniformMix_Pruned_Weighted\REMO_new2_AdaMaO_SDEOnly_UniformMix_Pruned_Weighted_DTLZ2_M10_D30_10.mat
Pruned_Weighted,DTLZ2,11,300,1.17590366250176,419.1922424,NaN,NaN,NaN,C:\Users\lsx\Desktop\REMOandDREMO测试集\10目标\n30\REMO_new2_AdaMaO_SDEOnly_UniformMix_Pruned_Weighted\REMO_new2_AdaMaO_SDEOnly_UniformMix_Pruned_Weighted_DTLZ2_M10_D30_11.mat
Pruned_Weighted,DTLZ2,12,300,1.2037024401679,421.5966103,NaN,NaN,NaN,C:\Users\lsx\Desktop\REMOandDREMO测试集\10目标\n30\REMO_new2_AdaMaO_SDEOnly_UniformMix_Pruned_Weighted\REMO_new2_AdaMaO_SDEOnly_UniformMix_Pruned_Weighted_DTLZ2_M10_D30_12.mat
Pruned_Weighted,DTLZ2,13,300,1.01705734302816,417.4510602,NaN,NaN,NaN,C:\Users\lsx\Desktop\REMOandDREMO测试集\10目标\n30\REMO_new2_AdaMaO_SDEOnly_UniformMix_Pruned_Weighted\REMO_new2_AdaMaO_SDEOnly_UniformMix_Pruned_Weighted_DTLZ2_M10_D30_13.mat
Pruned_Weighted,DTLZ2,14,300,1.12155966389754,411.9216944,NaN,NaN,NaN,C:\Users\lsx\Desktop\REMOandDREMO测试集\10目标\n30\REMO_new2_AdaMaO_SDEOnly_UniformMix_Pruned_Weighted\REMO_new2_AdaMaO_SDEOnly_UniformMix_Pruned_Weighted_DTLZ2_M10_D30_14.mat
Pruned_Weighted,DTLZ2,15,300,1.32901994699251,426.8947569,NaN,NaN,NaN,C:\Users\lsx\Desktop\REMOandDREMO测试集\10目标\n30\REMO_new2_AdaMaO_SDEOnly_UniformMix_Pruned_Weighted\REMO_new2_AdaMaO_SDEOnly_UniformMix_Pruned_Weighted_DTLZ2_M10_D30_15.mat
Pruned_Weighted,DTLZ2,16,300,1.20178978437675,273.8780148,NaN,NaN,NaN,C:\Users\lsx\Desktop\REMOandDREMO测试集\10目标\n30\REMO_new2_AdaMaO_SDEOnly_UniformMix_Pruned_Weighted\REMO_new2_AdaMaO_SDEOnly_UniformMix_Pruned_Weighted_DTLZ2_M10_D30_16.mat
Pruned_Weighted,DTLZ2,17,300,1.20551669079502,267.899849,NaN,NaN,NaN,C:\Users\lsx\Desktop\REMOandDREMO测试集\10目标\n30\REMO_new2_AdaMaO_SDEOnly_UniformMix_Pruned_Weighted\REMO_new2_AdaMaO_SDEOnly_UniformMix_Pruned_Weighted_DTLZ2_M10_D30_17.mat
Pruned_Weighted,DTLZ2,18,300,1.38061758757949,282.0401266,NaN,NaN,NaN,C:\Users\lsx\Desktop\REMOandDREMO测试集\10目标\n30\REMO_new2_AdaMaO_SDEOnly_UniformMix_Pruned_Weighted\REMO_new2_AdaMaO_SDEOnly_UniformMix_Pruned_Weighted_DTLZ2_M10_D30_18.mat
Pruned_Weighted,DTLZ5,1,300,0.96330948539732,323.6398983,NaN,NaN,NaN,C:\Users\lsx\Desktop\REMOandDREMO测试集\10目标\n30\REMO_new2_AdaMaO_SDEOnly_UniformMix_Pruned_Weighted\REMO_new2_AdaMaO_SDEOnly_UniformMix_Pruned_Weighted_DTLZ5_M10_D30_1.mat
Pruned_Weighted,DTLZ5,2,300,0.763003916743768,319.6790466,NaN,NaN,NaN,C:\Users\lsx\Desktop\REMOandDREMO测试集\10目标\n30\REMO_new2_AdaMaO_SDEOnly_UniformMix_Pruned_Weighted\REMO_new2_AdaMaO_SDEOnly_UniformMix_Pruned_Weighted_DTLZ5_M10_D30_2.mat
Pruned_Weighted,DTLZ5,3,300,0.635069883481891,327.7616728,NaN,NaN,NaN,C:\Users\lsx\Desktop\REMOandDREMO测试集\10目标\n30\REMO_new2_AdaMaO_SDEOnly_UniformMix_Pruned_Weighted\REMO_new2_AdaMaO_SDEOnly_UniformMix_Pruned_Weighted_DTLZ5_M10_D30_3.mat
Pruned_Weighted,DTLZ5,4,300,0.657507423756879,325.0828353,NaN,NaN,NaN,C:\Users\lsx\Desktop\REMOandDREMO测试集\10目标\n30\REMO_new2_AdaMaO_SDEOnly_UniformMix_Pruned_Weighted\REMO_new2_AdaMaO_SDEOnly_UniformMix_Pruned_Weighted_DTLZ5_M10_D30_4.mat
Pruned_Weighted,DTLZ5,5,300,0.927874830246356,332.9904709,NaN,NaN,NaN,C:\Users\lsx\Desktop\REMOandDREMO测试集\10目标\n30\REMO_new2_AdaMaO_SDEOnly_UniformMix_Pruned_Weighted\REMO_new2_AdaMaO_SDEOnly_UniformMix_Pruned_Weighted_DTLZ5_M10_D30_5.mat
Pruned_Weighted,DTLZ5,6,300,0.855578521663592,327.6506129,NaN,NaN,NaN,C:\Users\lsx\Desktop\REMOandDREMO测试集\10目标\n30\REMO_new2_AdaMaO_SDEOnly_UniformMix_Pruned_Weighted\REMO_new2_AdaMaO_SDEOnly_UniformMix_Pruned_Weighted_DTLZ5_M10_D30_6.mat
Pruned_Weighted,DTLZ5,7,300,0.904038808017524,256.2325262,NaN,NaN,NaN,C:\Users\lsx\Desktop\REMOandDREMO测试集\10目标\n30\REMO_new2_AdaMaO_SDEOnly_UniformMix_Pruned_Weighted\REMO_new2_AdaMaO_SDEOnly_UniformMix_Pruned_Weighted_DTLZ5_M10_D30_7.mat
Pruned_Weighted,DTLZ5,8,300,0.762329872980276,250.0124691,NaN,NaN,NaN,C:\Users\lsx\Desktop\REMOandDREMO测试集\10目标\n30\REMO_new2_AdaMaO_SDEOnly_UniformMix_Pruned_Weighted\REMO_new2_AdaMaO_SDEOnly_UniformMix_Pruned_Weighted_DTLZ5_M10_D30_8.mat
Pruned_Weighted,DTLZ5,9,300,0.808733387501652,250.2427896,NaN,NaN,NaN,C:\Users\lsx\Desktop\REMOandDREMO测试集\10目标\n30\REMO_new2_AdaMaO_SDEOnly_UniformMix_Pruned_Weighted\REMO_new2_AdaMaO_SDEOnly_UniformMix_Pruned_Weighted_DTLZ5_M10_D30_9.mat
Pruned_Weighted,DTLZ5,10,300,0.809374639548899,344.2224613,NaN,NaN,NaN,C:\Users\lsx\Desktop\REMOandDREMO测试集\10目标\n30\REMO_new2_AdaMaO_SDEOnly_UniformMix_Pruned_Weighted\REMO_new2_AdaMaO_SDEOnly_UniformMix_Pruned_Weighted_DTLZ5_M10_D30_10.mat
Pruned_Weighted,DTLZ5,11,300,0.970218333657688,351.4712,NaN,NaN,NaN,C:\Users\lsx\Desktop\REMOandDREMO测试集\10目标\n30\REMO_new2_AdaMaO_SDEOnly_UniformMix_Pruned_Weighted\REMO_new2_AdaMaO_SDEOnly_UniformMix_Pruned_Weighted_DTLZ5_M10_D30_11.mat
Pruned_Weighted,DTLZ5,12,300,0.768256414633546,358.9989297,NaN,NaN,NaN,C:\Users\lsx\Desktop\REMOandDREMO测试集\10目标\n30\REMO_new2_AdaMaO_SDEOnly_UniformMix_Pruned_Weighted\REMO_new2_AdaMaO_SDEOnly_UniformMix_Pruned_Weighted_DTLZ5_M10_D30_12.mat
Pruned_Weighted,DTLZ5,13,300,0.713457473510326,356.4162636,NaN,NaN,NaN,C:\Users\lsx\Desktop\REMOandDREMO测试集\10目标\n30\REMO_new2_AdaMaO_SDEOnly_UniformMix_Pruned_Weighted\REMO_new2_AdaMaO_SDEOnly_UniformMix_Pruned_Weighted_DTLZ5_M10_D30_13.mat
Pruned_Weighted,DTLZ5,14,300,0.650252979055873,360.1769685,NaN,NaN,NaN,C:\Users\lsx\Desktop\REMOandDREMO测试集\10目标\n30\REMO_new2_AdaMaO_SDEOnly_UniformMix_Pruned_Weighted\REMO_new2_AdaMaO_SDEOnly_UniformMix_Pruned_Weighted_DTLZ5_M10_D30_14.mat
Pruned_Weighted,DTLZ5,15,300,0.975717351475094,341.3514952,NaN,NaN,NaN,C:\Users\lsx\Desktop\REMOandDREMO测试集\10目标\n30\REMO_new2_AdaMaO_SDEOnly_UniformMix_Pruned_Weighted\REMO_new2_AdaMaO_SDEOnly_UniformMix_Pruned_Weighted_DTLZ5_M10_D30_15.mat
Pruned_Weighted,DTLZ5,16,300,0.935533642815102,271.6699807,NaN,NaN,NaN,C:\Users\lsx\Desktop\REMOandDREMO测试集\10目标\n30\REMO_new2_AdaMaO_SDEOnly_UniformMix_Pruned_Weighted\REMO_new2_AdaMaO_SDEOnly_UniformMix_Pruned_Weighted_DTLZ5_M10_D30_16.mat
Pruned_Weighted,DTLZ5,17,300,0.931496910504442,270.3957032,NaN,NaN,NaN,C:\Users\lsx\Desktop\REMOandDREMO测试集\10目标\n30\REMO_new2_AdaMaO_SDEOnly_UniformMix_Pruned_Weighted\REMO_new2_AdaMaO_SDEOnly_UniformMix_Pruned_Weighted_DTLZ5_M10_D30_17.mat
Pruned_Weighted,DTLZ5,18,300,0.897316627919397,269.4670901,NaN,NaN,NaN,C:\Users\lsx\Desktop\REMOandDREMO测试集\10目标\n30\REMO_new2_AdaMaO_SDEOnly_UniformMix_Pruned_Weighted\REMO_new2_AdaMaO_SDEOnly_UniformMix_Pruned_Weighted_DTLZ5_M10_D30_18.mat
Pruned_Weighted,DTLZ7,1,300,7.47430501998199,314.8416227,NaN,NaN,NaN,C:\Users\lsx\Desktop\REMOandDREMO测试集\10目标\n30\REMO_new2_AdaMaO_SDEOnly_UniformMix_Pruned_Weighted\REMO_new2_AdaMaO_SDEOnly_UniformMix_Pruned_Weighted_DTLZ7_M10_D30_1.mat
Pruned_Weighted,DTLZ7,2,300,8.35056758306264,320.815893,NaN,NaN,NaN,C:\Users\lsx\Desktop\REMOandDREMO测试集\10目标\n30\REMO_new2_AdaMaO_SDEOnly_UniformMix_Pruned_Weighted\REMO_new2_AdaMaO_SDEOnly_UniformMix_Pruned_Weighted_DTLZ7_M10_D30_2.mat
Pruned_Weighted,DTLZ7,3,300,8.20870423912849,317.1717355,NaN,NaN,NaN,C:\Users\lsx\Desktop\REMOandDREMO测试集\10目标\n30\REMO_new2_AdaMaO_SDEOnly_UniformMix_Pruned_Weighted\REMO_new2_AdaMaO_SDEOnly_UniformMix_Pruned_Weighted_DTLZ7_M10_D30_3.mat
Pruned_Weighted,DTLZ7,4,300,11.0856100693679,330.4525675,NaN,NaN,NaN,C:\Users\lsx\Desktop\REMOandDREMO测试集\10目标\n30\REMO_new2_AdaMaO_SDEOnly_UniformMix_Pruned_Weighted\REMO_new2_AdaMaO_SDEOnly_UniformMix_Pruned_Weighted_DTLZ7_M10_D30_4.mat
Pruned_Weighted,DTLZ7,5,300,10.2593920680244,319.1055382,NaN,NaN,NaN,C:\Users\lsx\Desktop\REMOandDREMO测试集\10目标\n30\REMO_new2_AdaMaO_SDEOnly_UniformMix_Pruned_Weighted\REMO_new2_AdaMaO_SDEOnly_UniformMix_Pruned_Weighted_DTLZ7_M10_D30_5.mat
Pruned_Weighted,DTLZ7,6,300,8.57747441116598,330.1824547,NaN,NaN,NaN,C:\Users\lsx\Desktop\REMOandDREMO测试集\10目标\n30\REMO_new2_AdaMaO_SDEOnly_UniformMix_Pruned_Weighted\REMO_new2_AdaMaO_SDEOnly_UniformMix_Pruned_Weighted_DTLZ7_M10_D30_6.mat
Pruned_Weighted,DTLZ7,7,300,10.7934751643806,255.1191282,NaN,NaN,NaN,C:\Users\lsx\Desktop\REMOandDREMO测试集\10目标\n30\REMO_new2_AdaMaO_SDEOnly_UniformMix_Pruned_Weighted\REMO_new2_AdaMaO_SDEOnly_UniformMix_Pruned_Weighted_DTLZ7_M10_D30_7.mat
Pruned_Weighted,DTLZ7,8,300,8.21310935515205,256.8607658,NaN,NaN,NaN,C:\Users\lsx\Desktop\REMOandDREMO测试集\10目标\n30\REMO_new2_AdaMaO_SDEOnly_UniformMix_Pruned_Weighted\REMO_new2_AdaMaO_SDEOnly_UniformMix_Pruned_Weighted_DTLZ7_M10_D30_8.mat
Pruned_Weighted,DTLZ7,9,300,7.98367190116585,251.2607151,NaN,NaN,NaN,C:\Users\lsx\Desktop\REMOandDREMO测试集\10目标\n30\REMO_new2_AdaMaO_SDEOnly_UniformMix_Pruned_Weighted\REMO_new2_AdaMaO_SDEOnly_UniformMix_Pruned_Weighted_DTLZ7_M10_D30_9.mat
Pruned_Weighted,DTLZ7,10,300,10.7174285288448,354.8096594,NaN,NaN,NaN,C:\Users\lsx\Desktop\REMOandDREMO测试集\10目标\n30\REMO_new2_AdaMaO_SDEOnly_UniformMix_Pruned_Weighted\REMO_new2_AdaMaO_SDEOnly_UniformMix_Pruned_Weighted_DTLZ7_M10_D30_10.mat
Pruned_Weighted,DTLZ7,11,300,9.55823755150641,342.4394485,NaN,NaN,NaN,C:\Users\lsx\Desktop\REMOandDREMO测试集\10目标\n30\REMO_new2_AdaMaO_SDEOnly_UniformMix_Pruned_Weighted\REMO_new2_AdaMaO_SDEOnly_UniformMix_Pruned_Weighted_DTLZ7_M10_D30_11.mat
Pruned_Weighted,DTLZ7,12,300,7.32113790319518,353.5428228,NaN,NaN,NaN,C:\Users\lsx\Desktop\REMOandDREMO测试集\10目标\n30\REMO_new2_AdaMaO_SDEOnly_UniformMix_Pruned_Weighted\REMO_new2_AdaMaO_SDEOnly_UniformMix_Pruned_Weighted_DTLZ7_M10_D30_12.mat
Pruned_Weighted,DTLZ7,13,300,7.11439101311806,343.2437479,NaN,NaN,NaN,C:\Users\lsx\Desktop\REMOandDREMO测试集\10目标\n30\REMO_new2_AdaMaO_SDEOnly_UniformMix_Pruned_Weighted\REMO_new2_AdaMaO_SDEOnly_UniformMix_Pruned_Weighted_DTLZ7_M10_D30_13.mat
Pruned_Weighted,DTLZ7,14,300,7.84143039846032,358.881969,NaN,NaN,NaN,C:\Users\lsx\Desktop\REMOandDREMO测试集\10目标\n30\REMO_new2_AdaMaO_SDEOnly_UniformMix_Pruned_Weighted\REMO_new2_AdaMaO_SDEOnly_UniformMix_Pruned_Weighted_DTLZ7_M10_D30_14.mat
Pruned_Weighted,DTLZ7,15,300,8.57167850127378,354.4157144,NaN,NaN,NaN,C:\Users\lsx\Desktop\REMOandDREMO测试集\10目标\n30\REMO_new2_AdaMaO_SDEOnly_UniformMix_Pruned_Weighted\REMO_new2_AdaMaO_SDEOnly_UniformMix_Pruned_Weighted_DTLZ7_M10_D30_15.mat
Pruned_Weighted,DTLZ7,16,300,7.66288493741918,265.9316495,NaN,NaN,NaN,C:\Users\lsx\Desktop\REMOandDREMO测试集\10目标\n30\REMO_new2_AdaMaO_SDEOnly_UniformMix_Pruned_Weighted\REMO_new2_AdaMaO_SDEOnly_UniformMix_Pruned_Weighted_DTLZ7_M10_D30_16.mat
Pruned_Weighted,DTLZ7,17,300,8.49784029022165,270.5741194,NaN,NaN,NaN,C:\Users\lsx\Desktop\REMOandDREMO测试集\10目标\n30\REMO_new2_AdaMaO_SDEOnly_UniformMix_Pruned_Weighted\REMO_new2_AdaMaO_SDEOnly_UniformMix_Pruned_Weighted_DTLZ7_M10_D30_17.mat
Pruned_Weighted,DTLZ7,18,300,10.1166423794535,268.8190926,NaN,NaN,NaN,C:\Users\lsx\Desktop\REMOandDREMO测试集\10目标\n30\REMO_new2_AdaMaO_SDEOnly_UniformMix_Pruned_Weighted\REMO_new2_AdaMaO_SDEOnly_UniformMix_Pruned_Weighted_DTLZ7_M10_D30_18.mat
Pruned_Weighted,WFG7,1,300,5.29948682426482,309.6468983,NaN,NaN,NaN,C:\Users\lsx\Desktop\REMOandDREMO测试集\10目标\n30\REMO_new2_AdaMaO_SDEOnly_UniformMix_Pruned_Weighted\REMO_new2_AdaMaO_SDEOnly_UniformMix_Pruned_Weighted_WFG7_M10_D30_1.mat
Pruned_Weighted,WFG7,2,300,5.04946622253362,320.1063615,NaN,NaN,NaN,C:\Users\lsx\Desktop\REMOandDREMO测试集\10目标\n30\REMO_new2_AdaMaO_SDEOnly_UniformMix_Pruned_Weighted\REMO_new2_AdaMaO_SDEOnly_UniformMix_Pruned_Weighted_WFG7_M10_D30_2.mat
Pruned_Weighted,WFG7,3,300,5.17987961979594,320.8157548,NaN,NaN,NaN,C:\Users\lsx\Desktop\REMOandDREMO测试集\10目标\n30\REMO_new2_AdaMaO_SDEOnly_UniformMix_Pruned_Weighted\REMO_new2_AdaMaO_SDEOnly_UniformMix_Pruned_Weighted_WFG7_M10_D30_3.mat
Pruned_Weighted,WFG7,4,300,5.80678896916477,312.8836091,NaN,NaN,NaN,C:\Users\lsx\Desktop\REMOandDREMO测试集\10目标\n30\REMO_new2_AdaMaO_SDEOnly_UniformMix_Pruned_Weighted\REMO_new2_AdaMaO_SDEOnly_UniformMix_Pruned_Weighted_WFG7_M10_D30_4.mat
Pruned_Weighted,WFG7,5,300,5.10881718511664,326.8468118,NaN,NaN,NaN,C:\Users\lsx\Desktop\REMOandDREMO测试集\10目标\n30\REMO_new2_AdaMaO_SDEOnly_UniformMix_Pruned_Weighted\REMO_new2_AdaMaO_SDEOnly_UniformMix_Pruned_Weighted_WFG7_M10_D30_5.mat
Pruned_Weighted,WFG7,6,300,4.96804459176195,303.9307186,NaN,NaN,NaN,C:\Users\lsx\Desktop\REMOandDREMO测试集\10目标\n30\REMO_new2_AdaMaO_SDEOnly_UniformMix_Pruned_Weighted\REMO_new2_AdaMaO_SDEOnly_UniformMix_Pruned_Weighted_WFG7_M10_D30_6.mat
Pruned_Weighted,WFG7,7,300,5.96370588419831,250.9826247,NaN,NaN,NaN,C:\Users\lsx\Desktop\REMOandDREMO测试集\10目标\n30\REMO_new2_AdaMaO_SDEOnly_UniformMix_Pruned_Weighted\REMO_new2_AdaMaO_SDEOnly_UniformMix_Pruned_Weighted_WFG7_M10_D30_7.mat
Pruned_Weighted,WFG7,8,300,5.2801557713294,239.5840419,NaN,NaN,NaN,C:\Users\lsx\Desktop\REMOandDREMO测试集\10目标\n30\REMO_new2_AdaMaO_SDEOnly_UniformMix_Pruned_Weighted\REMO_new2_AdaMaO_SDEOnly_UniformMix_Pruned_Weighted_WFG7_M10_D30_8.mat
Pruned_Weighted,WFG7,9,300,5.15253622208543,245.5161445,NaN,NaN,NaN,C:\Users\lsx\Desktop\REMOandDREMO测试集\10目标\n30\REMO_new2_AdaMaO_SDEOnly_UniformMix_Pruned_Weighted\REMO_new2_AdaMaO_SDEOnly_UniformMix_Pruned_Weighted_WFG7_M10_D30_9.mat
Pruned_Weighted,WFG7,10,300,5.25149195285486,335.0672628,NaN,NaN,NaN,C:\Users\lsx\Desktop\REMOandDREMO测试集\10目标\n30\REMO_new2_AdaMaO_SDEOnly_UniformMix_Pruned_Weighted\REMO_new2_AdaMaO_SDEOnly_UniformMix_Pruned_Weighted_WFG7_M10_D30_10.mat
Pruned_Weighted,WFG7,11,300,5.32626479764709,332.8666284,NaN,NaN,NaN,C:\Users\lsx\Desktop\REMOandDREMO测试集\10目标\n30\REMO_new2_AdaMaO_SDEOnly_UniformMix_Pruned_Weighted\REMO_new2_AdaMaO_SDEOnly_UniformMix_Pruned_Weighted_WFG7_M10_D30_11.mat
Pruned_Weighted,WFG7,12,300,5.71998104518307,329.7722008,NaN,NaN,NaN,C:\Users\lsx\Desktop\REMOandDREMO测试集\10目标\n30\REMO_new2_AdaMaO_SDEOnly_UniformMix_Pruned_Weighted\REMO_new2_AdaMaO_SDEOnly_UniformMix_Pruned_Weighted_WFG7_M10_D30_12.mat
Pruned_Weighted,WFG7,13,300,5.81890113894401,331.9809654,NaN,NaN,NaN,C:\Users\lsx\Desktop\REMOandDREMO测试集\10目标\n30\REMO_new2_AdaMaO_SDEOnly_UniformMix_Pruned_Weighted\REMO_new2_AdaMaO_SDEOnly_UniformMix_Pruned_Weighted_WFG7_M10_D30_13.mat
Pruned_Weighted,WFG7,14,300,5.3382404313593,332.1381095,NaN,NaN,NaN,C:\Users\lsx\Desktop\REMOandDREMO测试集\10目标\n30\REMO_new2_AdaMaO_SDEOnly_UniformMix_Pruned_Weighted\REMO_new2_AdaMaO_SDEOnly_UniformMix_Pruned_Weighted_WFG7_M10_D30_14.mat
Pruned_Weighted,WFG7,15,300,4.94142835412871,319.2259466,NaN,NaN,NaN,C:\Users\lsx\Desktop\REMOandDREMO测试集\10目标\n30\REMO_new2_AdaMaO_SDEOnly_UniformMix_Pruned_Weighted\REMO_new2_AdaMaO_SDEOnly_UniformMix_Pruned_Weighted_WFG7_M10_D30_15.mat
Pruned_Weighted,WFG7,16,300,5.18257022726596,253.0999589,NaN,NaN,NaN,C:\Users\lsx\Desktop\REMOandDREMO测试集\10目标\n30\REMO_new2_AdaMaO_SDEOnly_UniformMix_Pruned_Weighted\REMO_new2_AdaMaO_SDEOnly_UniformMix_Pruned_Weighted_WFG7_M10_D30_16.mat
Pruned_Weighted,WFG7,17,300,5.28742406074922,258.9807818,NaN,NaN,NaN,C:\Users\lsx\Desktop\REMOandDREMO测试集\10目标\n30\REMO_new2_AdaMaO_SDEOnly_UniformMix_Pruned_Weighted\REMO_new2_AdaMaO_SDEOnly_UniformMix_Pruned_Weighted_WFG7_M10_D30_17.mat
Pruned_Weighted,WFG7,18,300,5.2693000459196,256.0096447,NaN,NaN,NaN,C:\Users\lsx\Desktop\REMOandDREMO测试集\10目标\n30\REMO_new2_AdaMaO_SDEOnly_UniformMix_Pruned_Weighted\REMO_new2_AdaMaO_SDEOnly_UniformMix_Pruned_Weighted_WFG7_M10_D30_18.mat
Pruned_Weighted_Q080,DTLZ2,1,300,1.13316435470882,337.5418702,20261913,0.8,1,C:\Users\lsx\Desktop\REMOandDREMO测试集\10目标\n30\REMO_new2_AdaMaO_SDEOnly_UniformMix_Pruned_Weighted_Q080\REMO_new2_AdaMaO_SDEOnly_UniformMix_Pruned_Weighted_Q080_DTLZ2_M10_D30_1.mat
Pruned_Weighted_Q080,DTLZ2,2,300,1.0810722051542,335.7495516,20261914,0.8,1,C:\Users\lsx\Desktop\REMOandDREMO测试集\10目标\n30\REMO_new2_AdaMaO_SDEOnly_UniformMix_Pruned_Weighted_Q080\REMO_new2_AdaMaO_SDEOnly_UniformMix_Pruned_Weighted_Q080_DTLZ2_M10_D30_2.mat
Pruned_Weighted_Q080,DTLZ2,3,300,1.11858679943854,343.0918064,20261915,0.8,1,C:\Users\lsx\Desktop\REMOandDREMO测试集\10目标\n30\REMO_new2_AdaMaO_SDEOnly_UniformMix_Pruned_Weighted_Q080\REMO_new2_AdaMaO_SDEOnly_UniformMix_Pruned_Weighted_Q080_DTLZ2_M10_D30_3.mat
Pruned_Weighted_Q080,DTLZ2,4,300,1.16314526908398,346.9644252,20261916,0.8,1,C:\Users\lsx\Desktop\REMOandDREMO测试集\10目标\n30\REMO_new2_AdaMaO_SDEOnly_UniformMix_Pruned_Weighted_Q080\REMO_new2_AdaMaO_SDEOnly_UniformMix_Pruned_Weighted_Q080_DTLZ2_M10_D30_4.mat
Pruned_Weighted_Q080,DTLZ2,5,300,1.44938055841591,340.3151065,20261917,0.8,1,C:\Users\lsx\Desktop\REMOandDREMO测试集\10目标\n30\REMO_new2_AdaMaO_SDEOnly_UniformMix_Pruned_Weighted_Q080\REMO_new2_AdaMaO_SDEOnly_UniformMix_Pruned_Weighted_Q080_DTLZ2_M10_D30_5.mat
Pruned_Weighted_Q080,DTLZ2,6,300,1.2068965601876,343.0294713,20261918,0.8,1,C:\Users\lsx\Desktop\REMOandDREMO测试集\10目标\n30\REMO_new2_AdaMaO_SDEOnly_UniformMix_Pruned_Weighted_Q080\REMO_new2_AdaMaO_SDEOnly_UniformMix_Pruned_Weighted_Q080_DTLZ2_M10_D30_6.mat
Pruned_Weighted_Q080,DTLZ2,7,300,1.09766816255423,317.9908585,20261919,0.8,1,C:\Users\lsx\Desktop\REMOandDREMO测试集\10目标\n30\REMO_new2_AdaMaO_SDEOnly_UniformMix_Pruned_Weighted_Q080\REMO_new2_AdaMaO_SDEOnly_UniformMix_Pruned_Weighted_Q080_DTLZ2_M10_D30_7.mat
Pruned_Weighted_Q080,DTLZ2,8,300,1.14747391917712,318.5648619,20261920,0.8,1,C:\Users\lsx\Desktop\REMOandDREMO测试集\10目标\n30\REMO_new2_AdaMaO_SDEOnly_UniformMix_Pruned_Weighted_Q080\REMO_new2_AdaMaO_SDEOnly_UniformMix_Pruned_Weighted_Q080_DTLZ2_M10_D30_8.mat
Pruned_Weighted_Q080,DTLZ2,9,300,1.08800094902103,318.5737406,20261921,0.8,1,C:\Users\lsx\Desktop\REMOandDREMO测试集\10目标\n30\REMO_new2_AdaMaO_SDEOnly_UniformMix_Pruned_Weighted_Q080\REMO_new2_AdaMaO_SDEOnly_UniformMix_Pruned_Weighted_Q080_DTLZ2_M10_D30_9.mat
Pruned_Weighted_Q080,DTLZ2,10,300,1.26856104049113,322.4975347,20261922,0.8,1,C:\Users\lsx\Desktop\REMOandDREMO测试集\10目标\n30\REMO_new2_AdaMaO_SDEOnly_UniformMix_Pruned_Weighted_Q080\REMO_new2_AdaMaO_SDEOnly_UniformMix_Pruned_Weighted_Q080_DTLZ2_M10_D30_10.mat
Pruned_Weighted_Q080,DTLZ2,11,300,1.27994956324822,327.5960944,20261923,0.8,1,C:\Users\lsx\Desktop\REMOandDREMO测试集\10目标\n30\REMO_new2_AdaMaO_SDEOnly_UniformMix_Pruned_Weighted_Q080\REMO_new2_AdaMaO_SDEOnly_UniformMix_Pruned_Weighted_Q080_DTLZ2_M10_D30_11.mat
Pruned_Weighted_Q080,DTLZ2,12,300,1.10460933304818,324.663494,20261924,0.8,1,C:\Users\lsx\Desktop\REMOandDREMO测试集\10目标\n30\REMO_new2_AdaMaO_SDEOnly_UniformMix_Pruned_Weighted_Q080\REMO_new2_AdaMaO_SDEOnly_UniformMix_Pruned_Weighted_Q080_DTLZ2_M10_D30_12.mat
Pruned_Weighted_Q080,DTLZ2,13,300,1.22685210442512,307.0102003,20261925,0.8,1,C:\Users\lsx\Desktop\REMOandDREMO测试集\10目标\n30\REMO_new2_AdaMaO_SDEOnly_UniformMix_Pruned_Weighted_Q080\REMO_new2_AdaMaO_SDEOnly_UniformMix_Pruned_Weighted_Q080_DTLZ2_M10_D30_13.mat
Pruned_Weighted_Q080,DTLZ2,14,300,0.980093060780733,312.3237767,20261926,0.8,1,C:\Users\lsx\Desktop\REMOandDREMO测试集\10目标\n30\REMO_new2_AdaMaO_SDEOnly_UniformMix_Pruned_Weighted_Q080\REMO_new2_AdaMaO_SDEOnly_UniformMix_Pruned_Weighted_Q080_DTLZ2_M10_D30_14.mat
Pruned_Weighted_Q080,DTLZ2,15,300,1.13943339825155,316.6002409,20261927,0.8,1,C:\Users\lsx\Desktop\REMOandDREMO测试集\10目标\n30\REMO_new2_AdaMaO_SDEOnly_UniformMix_Pruned_Weighted_Q080\REMO_new2_AdaMaO_SDEOnly_UniformMix_Pruned_Weighted_Q080_DTLZ2_M10_D30_15.mat
Pruned_Weighted_Q080,DTLZ2,16,300,1.26396801687068,315.2434641,20261928,0.8,1,C:\Users\lsx\Desktop\REMOandDREMO测试集\10目标\n30\REMO_new2_AdaMaO_SDEOnly_UniformMix_Pruned_Weighted_Q080\REMO_new2_AdaMaO_SDEOnly_UniformMix_Pruned_Weighted_Q080_DTLZ2_M10_D30_16.mat
Pruned_Weighted_Q080,DTLZ2,17,300,1.2732695063129,316.1611866,20261929,0.8,1,C:\Users\lsx\Desktop\REMOandDREMO测试集\10目标\n30\REMO_new2_AdaMaO_SDEOnly_UniformMix_Pruned_Weighted_Q080\REMO_new2_AdaMaO_SDEOnly_UniformMix_Pruned_Weighted_Q080_DTLZ2_M10_D30_17.mat
Pruned_Weighted_Q080,DTLZ2,18,300,1.23240208245931,312.9792209,20261930,0.8,1,C:\Users\lsx\Desktop\REMOandDREMO测试集\10目标\n30\REMO_new2_AdaMaO_SDEOnly_UniformMix_Pruned_Weighted_Q080\REMO_new2_AdaMaO_SDEOnly_UniformMix_Pruned_Weighted_Q080_DTLZ2_M10_D30_18.mat
Pruned_Weighted_Q080,DTLZ5,1,300,0.815428648761996,321.0575751,20262913,0.8,1,C:\Users\lsx\Desktop\REMOandDREMO测试集\10目标\n30\REMO_new2_AdaMaO_SDEOnly_UniformMix_Pruned_Weighted_Q080\REMO_new2_AdaMaO_SDEOnly_UniformMix_Pruned_Weighted_Q080_DTLZ5_M10_D30_1.mat
Pruned_Weighted_Q080,DTLZ5,2,300,0.818558892518175,323.8436471,20262914,0.8,1,C:\Users\lsx\Desktop\REMOandDREMO测试集\10目标\n30\REMO_new2_AdaMaO_SDEOnly_UniformMix_Pruned_Weighted_Q080\REMO_new2_AdaMaO_SDEOnly_UniformMix_Pruned_Weighted_Q080_DTLZ5_M10_D30_2.mat
Pruned_Weighted_Q080,DTLZ5,3,300,0.834870474277459,328.3921617,20262915,0.8,1,C:\Users\lsx\Desktop\REMOandDREMO测试集\10目标\n30\REMO_new2_AdaMaO_SDEOnly_UniformMix_Pruned_Weighted_Q080\REMO_new2_AdaMaO_SDEOnly_UniformMix_Pruned_Weighted_Q080_DTLZ5_M10_D30_3.mat
Pruned_Weighted_Q080,DTLZ5,4,300,0.701042640210471,328.2308552,20262916,0.8,1,C:\Users\lsx\Desktop\REMOandDREMO测试集\10目标\n30\REMO_new2_AdaMaO_SDEOnly_UniformMix_Pruned_Weighted_Q080\REMO_new2_AdaMaO_SDEOnly_UniformMix_Pruned_Weighted_Q080_DTLZ5_M10_D30_4.mat
Pruned_Weighted_Q080,DTLZ5,5,300,0.725306165489561,324.4269303,20262917,0.8,1,C:\Users\lsx\Desktop\REMOandDREMO测试集\10目标\n30\REMO_new2_AdaMaO_SDEOnly_UniformMix_Pruned_Weighted_Q080\REMO_new2_AdaMaO_SDEOnly_UniformMix_Pruned_Weighted_Q080_DTLZ5_M10_D30_5.mat
Pruned_Weighted_Q080,DTLZ5,6,300,0.62233305911756,322.3137093,20262918,0.8,1,C:\Users\lsx\Desktop\REMOandDREMO测试集\10目标\n30\REMO_new2_AdaMaO_SDEOnly_UniformMix_Pruned_Weighted_Q080\REMO_new2_AdaMaO_SDEOnly_UniformMix_Pruned_Weighted_Q080_DTLZ5_M10_D30_6.mat
Pruned_Weighted_Q080,DTLZ5,7,300,0.520914543528944,327.2117466,20262919,0.8,1,C:\Users\lsx\Desktop\REMOandDREMO测试集\10目标\n30\REMO_new2_AdaMaO_SDEOnly_UniformMix_Pruned_Weighted_Q080\REMO_new2_AdaMaO_SDEOnly_UniformMix_Pruned_Weighted_Q080_DTLZ5_M10_D30_7.mat
Pruned_Weighted_Q080,DTLZ5,8,300,0.650107421754951,323.6236999,20262920,0.8,1,C:\Users\lsx\Desktop\REMOandDREMO测试集\10目标\n30\REMO_new2_AdaMaO_SDEOnly_UniformMix_Pruned_Weighted_Q080\REMO_new2_AdaMaO_SDEOnly_UniformMix_Pruned_Weighted_Q080_DTLZ5_M10_D30_8.mat
Pruned_Weighted_Q080,DTLZ5,9,300,0.710196006531556,324.2214765,20262921,0.8,1,C:\Users\lsx\Desktop\REMOandDREMO测试集\10目标\n30\REMO_new2_AdaMaO_SDEOnly_UniformMix_Pruned_Weighted_Q080\REMO_new2_AdaMaO_SDEOnly_UniformMix_Pruned_Weighted_Q080_DTLZ5_M10_D30_9.mat
Pruned_Weighted_Q080,DTLZ5,10,300,0.941959511689354,323.1693811,20262922,0.8,1,C:\Users\lsx\Desktop\REMOandDREMO测试集\10目标\n30\REMO_new2_AdaMaO_SDEOnly_UniformMix_Pruned_Weighted_Q080\REMO_new2_AdaMaO_SDEOnly_UniformMix_Pruned_Weighted_Q080_DTLZ5_M10_D30_10.mat
Pruned_Weighted_Q080,DTLZ5,11,300,0.797478871512774,321.9522429,20262923,0.8,1,C:\Users\lsx\Desktop\REMOandDREMO测试集\10目标\n30\REMO_new2_AdaMaO_SDEOnly_UniformMix_Pruned_Weighted_Q080\REMO_new2_AdaMaO_SDEOnly_UniformMix_Pruned_Weighted_Q080_DTLZ5_M10_D30_11.mat
Pruned_Weighted_Q080,DTLZ5,12,300,0.988546906546245,322.6178675,20262924,0.8,1,C:\Users\lsx\Desktop\REMOandDREMO测试集\10目标\n30\REMO_new2_AdaMaO_SDEOnly_UniformMix_Pruned_Weighted_Q080\REMO_new2_AdaMaO_SDEOnly_UniformMix_Pruned_Weighted_Q080_DTLZ5_M10_D30_12.mat
Pruned_Weighted_Q080,DTLZ5,13,300,0.785007365289699,312.4975212,20262925,0.8,1,C:\Users\lsx\Desktop\REMOandDREMO测试集\10目标\n30\REMO_new2_AdaMaO_SDEOnly_UniformMix_Pruned_Weighted_Q080\REMO_new2_AdaMaO_SDEOnly_UniformMix_Pruned_Weighted_Q080_DTLZ5_M10_D30_13.mat
Pruned_Weighted_Q080,DTLZ5,14,300,0.840846143534288,311.9534895,20262926,0.8,1,C:\Users\lsx\Desktop\REMOandDREMO测试集\10目标\n30\REMO_new2_AdaMaO_SDEOnly_UniformMix_Pruned_Weighted_Q080\REMO_new2_AdaMaO_SDEOnly_UniformMix_Pruned_Weighted_Q080_DTLZ5_M10_D30_14.mat
Pruned_Weighted_Q080,DTLZ5,15,300,0.593286607400973,321.2028875,20262927,0.8,1,C:\Users\lsx\Desktop\REMOandDREMO测试集\10目标\n30\REMO_new2_AdaMaO_SDEOnly_UniformMix_Pruned_Weighted_Q080\REMO_new2_AdaMaO_SDEOnly_UniformMix_Pruned_Weighted_Q080_DTLZ5_M10_D30_15.mat
Pruned_Weighted_Q080,DTLZ5,16,300,0.924347800441905,319.4692126,20262928,0.8,1,C:\Users\lsx\Desktop\REMOandDREMO测试集\10目标\n30\REMO_new2_AdaMaO_SDEOnly_UniformMix_Pruned_Weighted_Q080\REMO_new2_AdaMaO_SDEOnly_UniformMix_Pruned_Weighted_Q080_DTLZ5_M10_D30_16.mat
Pruned_Weighted_Q080,DTLZ5,17,300,0.797279471979278,311.7947367,20262929,0.8,1,C:\Users\lsx\Desktop\REMOandDREMO测试集\10目标\n30\REMO_new2_AdaMaO_SDEOnly_UniformMix_Pruned_Weighted_Q080\REMO_new2_AdaMaO_SDEOnly_UniformMix_Pruned_Weighted_Q080_DTLZ5_M10_D30_17.mat
Pruned_Weighted_Q080,DTLZ5,18,300,0.606085786850514,317.9699913,20262930,0.8,1,C:\Users\lsx\Desktop\REMOandDREMO测试集\10目标\n30\REMO_new2_AdaMaO_SDEOnly_UniformMix_Pruned_Weighted_Q080\REMO_new2_AdaMaO_SDEOnly_UniformMix_Pruned_Weighted_Q080_DTLZ5_M10_D30_18.mat
Pruned_Weighted_Q080,DTLZ7,1,300,10.3196732728168,303.9345238,20263913,0.8,1,C:\Users\lsx\Desktop\REMOandDREMO测试集\10目标\n30\REMO_new2_AdaMaO_SDEOnly_UniformMix_Pruned_Weighted_Q080\REMO_new2_AdaMaO_SDEOnly_UniformMix_Pruned_Weighted_Q080_DTLZ7_M10_D30_1.mat
Pruned_Weighted_Q080,DTLZ7,2,300,9.75013935457813,289.4332083,20263914,0.8,1,C:\Users\lsx\Desktop\REMOandDREMO测试集\10目标\n30\REMO_new2_AdaMaO_SDEOnly_UniformMix_Pruned_Weighted_Q080\REMO_new2_AdaMaO_SDEOnly_UniformMix_Pruned_Weighted_Q080_DTLZ7_M10_D30_2.mat
Pruned_Weighted_Q080,DTLZ7,3,300,10.5693334159629,302.0495692,20263915,0.8,1,C:\Users\lsx\Desktop\REMOandDREMO测试集\10目标\n30\REMO_new2_AdaMaO_SDEOnly_UniformMix_Pruned_Weighted_Q080\REMO_new2_AdaMaO_SDEOnly_UniformMix_Pruned_Weighted_Q080_DTLZ7_M10_D30_3.mat
Pruned_Weighted_Q080,DTLZ7,4,300,9.99211776230385,302.3083511,20263916,0.8,1,C:\Users\lsx\Desktop\REMOandDREMO测试集\10目标\n30\REMO_new2_AdaMaO_SDEOnly_UniformMix_Pruned_Weighted_Q080\REMO_new2_AdaMaO_SDEOnly_UniformMix_Pruned_Weighted_Q080_DTLZ7_M10_D30_4.mat
Pruned_Weighted_Q080,DTLZ7,5,300,9.99872933355266,313.936675,20263917,0.8,1,C:\Users\lsx\Desktop\REMOandDREMO测试集\10目标\n30\REMO_new2_AdaMaO_SDEOnly_UniformMix_Pruned_Weighted_Q080\REMO_new2_AdaMaO_SDEOnly_UniformMix_Pruned_Weighted_Q080_DTLZ7_M10_D30_5.mat
Pruned_Weighted_Q080,DTLZ7,6,300,11.246153462239,316.8593819,20263918,0.8,1,C:\Users\lsx\Desktop\REMOandDREMO测试集\10目标\n30\REMO_new2_AdaMaO_SDEOnly_UniformMix_Pruned_Weighted_Q080\REMO_new2_AdaMaO_SDEOnly_UniformMix_Pruned_Weighted_Q080_DTLZ7_M10_D30_6.mat
Pruned_Weighted_Q080,DTLZ7,7,300,9.618511141712,311.5900561,20263919,0.8,1,C:\Users\lsx\Desktop\REMOandDREMO测试集\10目标\n30\REMO_new2_AdaMaO_SDEOnly_UniformMix_Pruned_Weighted_Q080\REMO_new2_AdaMaO_SDEOnly_UniformMix_Pruned_Weighted_Q080_DTLZ7_M10_D30_7.mat
Pruned_Weighted_Q080,DTLZ7,8,300,10.8939405585807,296.6732566,20263920,0.8,1,C:\Users\lsx\Desktop\REMOandDREMO测试集\10目标\n30\REMO_new2_AdaMaO_SDEOnly_UniformMix_Pruned_Weighted_Q080\REMO_new2_AdaMaO_SDEOnly_UniformMix_Pruned_Weighted_Q080_DTLZ7_M10_D30_8.mat
Pruned_Weighted_Q080,DTLZ7,9,300,8.10603601130223,306.3111546,20263921,0.8,1,C:\Users\lsx\Desktop\REMOandDREMO测试集\10目标\n30\REMO_new2_AdaMaO_SDEOnly_UniformMix_Pruned_Weighted_Q080\REMO_new2_AdaMaO_SDEOnly_UniformMix_Pruned_Weighted_Q080_DTLZ7_M10_D30_9.mat
Pruned_Weighted_Q080,DTLZ7,10,300,8.27914371735289,299.0053868,20263922,0.8,1,C:\Users\lsx\Desktop\REMOandDREMO测试集\10目标\n30\REMO_new2_AdaMaO_SDEOnly_UniformMix_Pruned_Weighted_Q080\REMO_new2_AdaMaO_SDEOnly_UniformMix_Pruned_Weighted_Q080_DTLZ7_M10_D30_10.mat
Pruned_Weighted_Q080,DTLZ7,11,300,7.99442516597586,296.6056654,20263923,0.8,1,C:\Users\lsx\Desktop\REMOandDREMO测试集\10目标\n30\REMO_new2_AdaMaO_SDEOnly_UniformMix_Pruned_Weighted_Q080\REMO_new2_AdaMaO_SDEOnly_UniformMix_Pruned_Weighted_Q080_DTLZ7_M10_D30_11.mat
Pruned_Weighted_Q080,DTLZ7,12,300,9.13371825786661,299.1472472,20263924,0.8,1,C:\Users\lsx\Desktop\REMOandDREMO测试集\10目标\n30\REMO_new2_AdaMaO_SDEOnly_UniformMix_Pruned_Weighted_Q080\REMO_new2_AdaMaO_SDEOnly_UniformMix_Pruned_Weighted_Q080_DTLZ7_M10_D30_12.mat
Pruned_Weighted_Q080,DTLZ7,13,300,7.2443580660207,313.3053424,20263925,0.8,1,C:\Users\lsx\Desktop\REMOandDREMO测试集\10目标\n30\REMO_new2_AdaMaO_SDEOnly_UniformMix_Pruned_Weighted_Q080\REMO_new2_AdaMaO_SDEOnly_UniformMix_Pruned_Weighted_Q080_DTLZ7_M10_D30_13.mat
Pruned_Weighted_Q080,DTLZ7,14,300,10.1457565251655,304.1490294,20263926,0.8,1,C:\Users\lsx\Desktop\REMOandDREMO测试集\10目标\n30\REMO_new2_AdaMaO_SDEOnly_UniformMix_Pruned_Weighted_Q080\REMO_new2_AdaMaO_SDEOnly_UniformMix_Pruned_Weighted_Q080_DTLZ7_M10_D30_14.mat
Pruned_Weighted_Q080,DTLZ7,15,300,8.54067956318872,306.1565763,20263927,0.8,1,C:\Users\lsx\Desktop\REMOandDREMO测试集\10目标\n30\REMO_new2_AdaMaO_SDEOnly_UniformMix_Pruned_Weighted_Q080\REMO_new2_AdaMaO_SDEOnly_UniformMix_Pruned_Weighted_Q080_DTLZ7_M10_D30_15.mat
Pruned_Weighted_Q080,DTLZ7,16,300,7.20404563860528,292.2107881,20263928,0.8,1,C:\Users\lsx\Desktop\REMOandDREMO测试集\10目标\n30\REMO_new2_AdaMaO_SDEOnly_UniformMix_Pruned_Weighted_Q080\REMO_new2_AdaMaO_SDEOnly_UniformMix_Pruned_Weighted_Q080_DTLZ7_M10_D30_16.mat
Pruned_Weighted_Q080,DTLZ7,17,300,9.32002968702947,294.3768259,20263929,0.8,1,C:\Users\lsx\Desktop\REMOandDREMO测试集\10目标\n30\REMO_new2_AdaMaO_SDEOnly_UniformMix_Pruned_Weighted_Q080\REMO_new2_AdaMaO_SDEOnly_UniformMix_Pruned_Weighted_Q080_DTLZ7_M10_D30_17.mat
Pruned_Weighted_Q080,DTLZ7,18,300,10.3802384922041,300.9764602,20263930,0.8,1,C:\Users\lsx\Desktop\REMOandDREMO测试集\10目标\n30\REMO_new2_AdaMaO_SDEOnly_UniformMix_Pruned_Weighted_Q080\REMO_new2_AdaMaO_SDEOnly_UniformMix_Pruned_Weighted_Q080_DTLZ7_M10_D30_18.mat
Pruned_Weighted_Q080,WFG7,1,300,5.34048963752792,301.9667233,20264913,0.8,1,C:\Users\lsx\Desktop\REMOandDREMO测试集\10目标\n30\REMO_new2_AdaMaO_SDEOnly_UniformMix_Pruned_Weighted_Q080\REMO_new2_AdaMaO_SDEOnly_UniformMix_Pruned_Weighted_Q080_WFG7_M10_D30_1.mat
Pruned_Weighted_Q080,WFG7,2,300,5.25179975380357,298.6075567,20264914,0.8,1,C:\Users\lsx\Desktop\REMOandDREMO测试集\10目标\n30\REMO_new2_AdaMaO_SDEOnly_UniformMix_Pruned_Weighted_Q080\REMO_new2_AdaMaO_SDEOnly_UniformMix_Pruned_Weighted_Q080_WFG7_M10_D30_2.mat
Pruned_Weighted_Q080,WFG7,3,300,5.36014320918721,313.3603535,20264915,0.8,1,C:\Users\lsx\Desktop\REMOandDREMO测试集\10目标\n30\REMO_new2_AdaMaO_SDEOnly_UniformMix_Pruned_Weighted_Q080\REMO_new2_AdaMaO_SDEOnly_UniformMix_Pruned_Weighted_Q080_WFG7_M10_D30_3.mat
Pruned_Weighted_Q080,WFG7,4,300,5.4270905204394,299.2958795,20264916,0.8,1,C:\Users\lsx\Desktop\REMOandDREMO测试集\10目标\n30\REMO_new2_AdaMaO_SDEOnly_UniformMix_Pruned_Weighted_Q080\REMO_new2_AdaMaO_SDEOnly_UniformMix_Pruned_Weighted_Q080_WFG7_M10_D30_4.mat
Pruned_Weighted_Q080,WFG7,5,300,5.27031310545088,305.3970848,20264917,0.8,1,C:\Users\lsx\Desktop\REMOandDREMO测试集\10目标\n30\REMO_new2_AdaMaO_SDEOnly_UniformMix_Pruned_Weighted_Q080\REMO_new2_AdaMaO_SDEOnly_UniformMix_Pruned_Weighted_Q080_WFG7_M10_D30_5.mat
Pruned_Weighted_Q080,WFG7,6,300,5.68004368849023,305.8576258,20264918,0.8,1,C:\Users\lsx\Desktop\REMOandDREMO测试集\10目标\n30\REMO_new2_AdaMaO_SDEOnly_UniformMix_Pruned_Weighted_Q080\REMO_new2_AdaMaO_SDEOnly_UniformMix_Pruned_Weighted_Q080_WFG7_M10_D30_6.mat
Pruned_Weighted_Q080,WFG7,7,300,5.143916983901,302.7057858,20264919,0.8,1,C:\Users\lsx\Desktop\REMOandDREMO测试集\10目标\n30\REMO_new2_AdaMaO_SDEOnly_UniformMix_Pruned_Weighted_Q080\REMO_new2_AdaMaO_SDEOnly_UniformMix_Pruned_Weighted_Q080_WFG7_M10_D30_7.mat
Pruned_Weighted_Q080,WFG7,8,300,5.26320260160898,301.7149478,20264920,0.8,1,C:\Users\lsx\Desktop\REMOandDREMO测试集\10目标\n30\REMO_new2_AdaMaO_SDEOnly_UniformMix_Pruned_Weighted_Q080\REMO_new2_AdaMaO_SDEOnly_UniformMix_Pruned_Weighted_Q080_WFG7_M10_D30_8.mat
Pruned_Weighted_Q080,WFG7,9,300,5.11977962269906,312.4469688,20264921,0.8,1,C:\Users\lsx\Desktop\REMOandDREMO测试集\10目标\n30\REMO_new2_AdaMaO_SDEOnly_UniformMix_Pruned_Weighted_Q080\REMO_new2_AdaMaO_SDEOnly_UniformMix_Pruned_Weighted_Q080_WFG7_M10_D30_9.mat
Pruned_Weighted_Q080,WFG7,10,300,5.39771558646066,303.0263173,20264922,0.8,1,C:\Users\lsx\Desktop\REMOandDREMO测试集\10目标\n30\REMO_new2_AdaMaO_SDEOnly_UniformMix_Pruned_Weighted_Q080\REMO_new2_AdaMaO_SDEOnly_UniformMix_Pruned_Weighted_Q080_WFG7_M10_D30_10.mat
Pruned_Weighted_Q080,WFG7,11,300,5.2201228947282,303.5714034,20264923,0.8,1,C:\Users\lsx\Desktop\REMOandDREMO测试集\10目标\n30\REMO_new2_AdaMaO_SDEOnly_UniformMix_Pruned_Weighted_Q080\REMO_new2_AdaMaO_SDEOnly_UniformMix_Pruned_Weighted_Q080_WFG7_M10_D30_11.mat
Pruned_Weighted_Q080,WFG7,12,300,5.9299100843573,293.5067332,20264924,0.8,1,C:\Users\lsx\Desktop\REMOandDREMO测试集\10目标\n30\REMO_new2_AdaMaO_SDEOnly_UniformMix_Pruned_Weighted_Q080\REMO_new2_AdaMaO_SDEOnly_UniformMix_Pruned_Weighted_Q080_WFG7_M10_D30_12.mat
Pruned_Weighted_Q080,WFG7,13,300,5.61602125351297,298.9188453,20264925,0.8,1,C:\Users\lsx\Desktop\REMOandDREMO测试集\10目标\n30\REMO_new2_AdaMaO_SDEOnly_UniformMix_Pruned_Weighted_Q080\REMO_new2_AdaMaO_SDEOnly_UniformMix_Pruned_Weighted_Q080_WFG7_M10_D30_13.mat
Pruned_Weighted_Q080,WFG7,14,300,5.9935975440133,295.1869099,20264926,0.8,1,C:\Users\lsx\Desktop\REMOandDREMO测试集\10目标\n30\REMO_new2_AdaMaO_SDEOnly_UniformMix_Pruned_Weighted_Q080\REMO_new2_AdaMaO_SDEOnly_UniformMix_Pruned_Weighted_Q080_WFG7_M10_D30_14.mat
Pruned_Weighted_Q080,WFG7,15,300,5.56632870067833,296.9426395,20264927,0.8,1,C:\Users\lsx\Desktop\REMOandDREMO测试集\10目标\n30\REMO_new2_AdaMaO_SDEOnly_UniformMix_Pruned_Weighted_Q080\REMO_new2_AdaMaO_SDEOnly_UniformMix_Pruned_Weighted_Q080_WFG7_M10_D30_15.mat
Pruned_Weighted_Q080,WFG7,16,300,6.16558358243649,296.7762079,20264928,0.8,1,C:\Users\lsx\Desktop\REMOandDREMO测试集\10目标\n30\REMO_new2_AdaMaO_SDEOnly_UniformMix_Pruned_Weighted_Q080\REMO_new2_AdaMaO_SDEOnly_UniformMix_Pruned_Weighted_Q080_WFG7_M10_D30_16.mat
Pruned_Weighted_Q080,WFG7,17,300,5.36111688694169,293.1379952,20264929,0.8,1,C:\Users\lsx\Desktop\REMOandDREMO测试集\10目标\n30\REMO_new2_AdaMaO_SDEOnly_UniformMix_Pruned_Weighted_Q080\REMO_new2_AdaMaO_SDEOnly_UniformMix_Pruned_Weighted_Q080_WFG7_M10_D30_17.mat
Pruned_Weighted_Q080,WFG7,18,300,5.39799533429565,291.6203836,20264930,0.8,1,C:\Users\lsx\Desktop\REMOandDREMO测试集\10目标\n30\REMO_new2_AdaMaO_SDEOnly_UniformMix_Pruned_Weighted_Q080\REMO_new2_AdaMaO_SDEOnly_UniformMix_Pruned_Weighted_Q080_WFG7_M10_D30_18.mat
Pruned_Weighted_Q070,DTLZ2,1,300,1.06890683234942,361.0143081,20261913,0.7,1,C:\Users\lsx\Desktop\REMOandDREMO测试集\10目标\n30\REMO_new2_AdaMaO_SDEOnly_UniformMix_Pruned_Weighted_Q070\REMO_new2_AdaMaO_SDEOnly_UniformMix_Pruned_Weighted_Q070_DTLZ2_M10_D30_1.mat
Pruned_Weighted_Q070,DTLZ2,2,300,0.90313397733298,351.3334101,20261914,0.7,1,C:\Users\lsx\Desktop\REMOandDREMO测试集\10目标\n30\REMO_new2_AdaMaO_SDEOnly_UniformMix_Pruned_Weighted_Q070\REMO_new2_AdaMaO_SDEOnly_UniformMix_Pruned_Weighted_Q070_DTLZ2_M10_D30_2.mat
Pruned_Weighted_Q070,DTLZ2,3,300,1.12041468467031,338.2415099,20261915,0.7,1,C:\Users\lsx\Desktop\REMOandDREMO测试集\10目标\n30\REMO_new2_AdaMaO_SDEOnly_UniformMix_Pruned_Weighted_Q070\REMO_new2_AdaMaO_SDEOnly_UniformMix_Pruned_Weighted_Q070_DTLZ2_M10_D30_3.mat
Pruned_Weighted_Q070,DTLZ2,4,300,1.27543837513473,354.2354207,20261916,0.7,1,C:\Users\lsx\Desktop\REMOandDREMO测试集\10目标\n30\REMO_new2_AdaMaO_SDEOnly_UniformMix_Pruned_Weighted_Q070\REMO_new2_AdaMaO_SDEOnly_UniformMix_Pruned_Weighted_Q070_DTLZ2_M10_D30_4.mat
Pruned_Weighted_Q070,DTLZ2,5,300,1.27061218246254,350.715668,20261917,0.7,1,C:\Users\lsx\Desktop\REMOandDREMO测试集\10目标\n30\REMO_new2_AdaMaO_SDEOnly_UniformMix_Pruned_Weighted_Q070\REMO_new2_AdaMaO_SDEOnly_UniformMix_Pruned_Weighted_Q070_DTLZ2_M10_D30_5.mat
Pruned_Weighted_Q070,DTLZ2,6,300,1.19249094325676,355.02642,20261918,0.7,1,C:\Users\lsx\Desktop\REMOandDREMO测试集\10目标\n30\REMO_new2_AdaMaO_SDEOnly_UniformMix_Pruned_Weighted_Q070\REMO_new2_AdaMaO_SDEOnly_UniformMix_Pruned_Weighted_Q070_DTLZ2_M10_D30_6.mat
Pruned_Weighted_Q070,DTLZ2,7,300,1.14127242552122,325.5472982,20261919,0.7,1,C:\Users\lsx\Desktop\REMOandDREMO测试集\10目标\n30\REMO_new2_AdaMaO_SDEOnly_UniformMix_Pruned_Weighted_Q070\REMO_new2_AdaMaO_SDEOnly_UniformMix_Pruned_Weighted_Q070_DTLZ2_M10_D30_7.mat
Pruned_Weighted_Q070,DTLZ2,8,300,1.15504362029754,320.1047906,20261920,0.7,1,C:\Users\lsx\Desktop\REMOandDREMO测试集\10目标\n30\REMO_new2_AdaMaO_SDEOnly_UniformMix_Pruned_Weighted_Q070\REMO_new2_AdaMaO_SDEOnly_UniformMix_Pruned_Weighted_Q070_DTLZ2_M10_D30_8.mat
Pruned_Weighted_Q070,DTLZ2,9,300,1.29903334376996,328.4675495,20261921,0.7,1,C:\Users\lsx\Desktop\REMOandDREMO测试集\10目标\n30\REMO_new2_AdaMaO_SDEOnly_UniformMix_Pruned_Weighted_Q070\REMO_new2_AdaMaO_SDEOnly_UniformMix_Pruned_Weighted_Q070_DTLZ2_M10_D30_9.mat
Pruned_Weighted_Q070,DTLZ2,10,300,1.27840193500347,329.1543582,20261922,0.7,1,C:\Users\lsx\Desktop\REMOandDREMO测试集\10目标\n30\REMO_new2_AdaMaO_SDEOnly_UniformMix_Pruned_Weighted_Q070\REMO_new2_AdaMaO_SDEOnly_UniformMix_Pruned_Weighted_Q070_DTLZ2_M10_D30_10.mat
Pruned_Weighted_Q070,DTLZ2,11,300,1.18107278578281,322.8138164,20261923,0.7,1,C:\Users\lsx\Desktop\REMOandDREMO测试集\10目标\n30\REMO_new2_AdaMaO_SDEOnly_UniformMix_Pruned_Weighted_Q070\REMO_new2_AdaMaO_SDEOnly_UniformMix_Pruned_Weighted_Q070_DTLZ2_M10_D30_11.mat
Pruned_Weighted_Q070,DTLZ2,12,300,1.1414451467638,325.5623346,20261924,0.7,1,C:\Users\lsx\Desktop\REMOandDREMO测试集\10目标\n30\REMO_new2_AdaMaO_SDEOnly_UniformMix_Pruned_Weighted_Q070\REMO_new2_AdaMaO_SDEOnly_UniformMix_Pruned_Weighted_Q070_DTLZ2_M10_D30_12.mat
Pruned_Weighted_Q070,DTLZ2,13,300,1.2079021817924,324.6689629,20261925,0.7,1,C:\Users\lsx\Desktop\REMOandDREMO测试集\10目标\n30\REMO_new2_AdaMaO_SDEOnly_UniformMix_Pruned_Weighted_Q070\REMO_new2_AdaMaO_SDEOnly_UniformMix_Pruned_Weighted_Q070_DTLZ2_M10_D30_13.mat
Pruned_Weighted_Q070,DTLZ2,14,300,0.987497613527369,332.3644103,20261926,0.7,1,C:\Users\lsx\Desktop\REMOandDREMO测试集\10目标\n30\REMO_new2_AdaMaO_SDEOnly_UniformMix_Pruned_Weighted_Q070\REMO_new2_AdaMaO_SDEOnly_UniformMix_Pruned_Weighted_Q070_DTLZ2_M10_D30_14.mat
Pruned_Weighted_Q070,DTLZ2,15,300,1.04526150742185,314.7742555,20261927,0.7,1,C:\Users\lsx\Desktop\REMOandDREMO测试集\10目标\n30\REMO_new2_AdaMaO_SDEOnly_UniformMix_Pruned_Weighted_Q070\REMO_new2_AdaMaO_SDEOnly_UniformMix_Pruned_Weighted_Q070_DTLZ2_M10_D30_15.mat
Pruned_Weighted_Q070,DTLZ2,16,300,1.10917503365398,326.461064,20261928,0.7,1,C:\Users\lsx\Desktop\REMOandDREMO测试集\10目标\n30\REMO_new2_AdaMaO_SDEOnly_UniformMix_Pruned_Weighted_Q070\REMO_new2_AdaMaO_SDEOnly_UniformMix_Pruned_Weighted_Q070_DTLZ2_M10_D30_16.mat
Pruned_Weighted_Q070,DTLZ2,17,300,1.18594693291139,320.0707489,20261929,0.7,1,C:\Users\lsx\Desktop\REMOandDREMO测试集\10目标\n30\REMO_new2_AdaMaO_SDEOnly_UniformMix_Pruned_Weighted_Q070\REMO_new2_AdaMaO_SDEOnly_UniformMix_Pruned_Weighted_Q070_DTLZ2_M10_D30_17.mat
Pruned_Weighted_Q070,DTLZ2,18,300,1.07951730498127,325.32381,20261930,0.7,1,C:\Users\lsx\Desktop\REMOandDREMO测试集\10目标\n30\REMO_new2_AdaMaO_SDEOnly_UniformMix_Pruned_Weighted_Q070\REMO_new2_AdaMaO_SDEOnly_UniformMix_Pruned_Weighted_Q070_DTLZ2_M10_D30_18.mat
Pruned_Weighted_Q070,DTLZ5,1,300,0.943092980778568,313.3021862,20262913,0.7,1,C:\Users\lsx\Desktop\REMOandDREMO测试集\10目标\n30\REMO_new2_AdaMaO_SDEOnly_UniformMix_Pruned_Weighted_Q070\REMO_new2_AdaMaO_SDEOnly_UniformMix_Pruned_Weighted_Q070_DTLZ5_M10_D30_1.mat
Pruned_Weighted_Q070,DTLZ5,2,300,0.873655072614597,328.925539,20262914,0.7,1,C:\Users\lsx\Desktop\REMOandDREMO测试集\10目标\n30\REMO_new2_AdaMaO_SDEOnly_UniformMix_Pruned_Weighted_Q070\REMO_new2_AdaMaO_SDEOnly_UniformMix_Pruned_Weighted_Q070_DTLZ5_M10_D30_2.mat
Pruned_Weighted_Q070,DTLZ5,3,300,0.791815946862559,327.3360887,20262915,0.7,1,C:\Users\lsx\Desktop\REMOandDREMO测试集\10目标\n30\REMO_new2_AdaMaO_SDEOnly_UniformMix_Pruned_Weighted_Q070\REMO_new2_AdaMaO_SDEOnly_UniformMix_Pruned_Weighted_Q070_DTLZ5_M10_D30_3.mat
Pruned_Weighted_Q070,DTLZ5,4,300,0.793256837967376,315.6333838,20262916,0.7,1,C:\Users\lsx\Desktop\REMOandDREMO测试集\10目标\n30\REMO_new2_AdaMaO_SDEOnly_UniformMix_Pruned_Weighted_Q070\REMO_new2_AdaMaO_SDEOnly_UniformMix_Pruned_Weighted_Q070_DTLZ5_M10_D30_4.mat
Pruned_Weighted_Q070,DTLZ5,5,300,0.674110410871986,323.7719908,20262917,0.7,1,C:\Users\lsx\Desktop\REMOandDREMO测试集\10目标\n30\REMO_new2_AdaMaO_SDEOnly_UniformMix_Pruned_Weighted_Q070\REMO_new2_AdaMaO_SDEOnly_UniformMix_Pruned_Weighted_Q070_DTLZ5_M10_D30_5.mat
Pruned_Weighted_Q070,DTLZ5,6,300,0.84899390905111,311.4345498,20262918,0.7,1,C:\Users\lsx\Desktop\REMOandDREMO测试集\10目标\n30\REMO_new2_AdaMaO_SDEOnly_UniformMix_Pruned_Weighted_Q070\REMO_new2_AdaMaO_SDEOnly_UniformMix_Pruned_Weighted_Q070_DTLZ5_M10_D30_6.mat
Pruned_Weighted_Q070,DTLZ5,7,300,0.851166546420723,322.5823342,20262919,0.7,1,C:\Users\lsx\Desktop\REMOandDREMO测试集\10目标\n30\REMO_new2_AdaMaO_SDEOnly_UniformMix_Pruned_Weighted_Q070\REMO_new2_AdaMaO_SDEOnly_UniformMix_Pruned_Weighted_Q070_DTLZ5_M10_D30_7.mat
Pruned_Weighted_Q070,DTLZ5,8,300,0.698621510781067,310.8666071,20262920,0.7,1,C:\Users\lsx\Desktop\REMOandDREMO测试集\10目标\n30\REMO_new2_AdaMaO_SDEOnly_UniformMix_Pruned_Weighted_Q070\REMO_new2_AdaMaO_SDEOnly_UniformMix_Pruned_Weighted_Q070_DTLZ5_M10_D30_8.mat
Pruned_Weighted_Q070,DTLZ5,9,300,0.831147697609911,327.7683033,20262921,0.7,1,C:\Users\lsx\Desktop\REMOandDREMO测试集\10目标\n30\REMO_new2_AdaMaO_SDEOnly_UniformMix_Pruned_Weighted_Q070\REMO_new2_AdaMaO_SDEOnly_UniformMix_Pruned_Weighted_Q070_DTLZ5_M10_D30_9.mat
Pruned_Weighted_Q070,DTLZ5,10,300,0.854223830492717,300.6233235,20262922,0.7,1,C:\Users\lsx\Desktop\REMOandDREMO测试集\10目标\n30\REMO_new2_AdaMaO_SDEOnly_UniformMix_Pruned_Weighted_Q070\REMO_new2_AdaMaO_SDEOnly_UniformMix_Pruned_Weighted_Q070_DTLZ5_M10_D30_10.mat
Pruned_Weighted_Q070,DTLZ5,11,300,0.851302633889377,315.1469376,20262923,0.7,1,C:\Users\lsx\Desktop\REMOandDREMO测试集\10目标\n30\REMO_new2_AdaMaO_SDEOnly_UniformMix_Pruned_Weighted_Q070\REMO_new2_AdaMaO_SDEOnly_UniformMix_Pruned_Weighted_Q070_DTLZ5_M10_D30_11.mat
Pruned_Weighted_Q070,DTLZ5,12,300,0.850887786709333,322.1495795,20262924,0.7,1,C:\Users\lsx\Desktop\REMOandDREMO测试集\10目标\n30\REMO_new2_AdaMaO_SDEOnly_UniformMix_Pruned_Weighted_Q070\REMO_new2_AdaMaO_SDEOnly_UniformMix_Pruned_Weighted_Q070_DTLZ5_M10_D30_12.mat
Pruned_Weighted_Q070,DTLZ5,13,300,0.760601038863538,324.6580226,20262925,0.7,1,C:\Users\lsx\Desktop\REMOandDREMO测试集\10目标\n30\REMO_new2_AdaMaO_SDEOnly_UniformMix_Pruned_Weighted_Q070\REMO_new2_AdaMaO_SDEOnly_UniformMix_Pruned_Weighted_Q070_DTLZ5_M10_D30_13.mat
Pruned_Weighted_Q070,DTLZ5,14,300,0.807458857927422,322.9959494,20262926,0.7,1,C:\Users\lsx\Desktop\REMOandDREMO测试集\10目标\n30\REMO_new2_AdaMaO_SDEOnly_UniformMix_Pruned_Weighted_Q070\REMO_new2_AdaMaO_SDEOnly_UniformMix_Pruned_Weighted_Q070_DTLZ5_M10_D30_14.mat
Pruned_Weighted_Q070,DTLZ5,15,300,0.888012510300668,319.4391881,20262927,0.7,1,C:\Users\lsx\Desktop\REMOandDREMO测试集\10目标\n30\REMO_new2_AdaMaO_SDEOnly_UniformMix_Pruned_Weighted_Q070\REMO_new2_AdaMaO_SDEOnly_UniformMix_Pruned_Weighted_Q070_DTLZ5_M10_D30_15.mat
Pruned_Weighted_Q070,DTLZ5,16,300,0.813577750515116,322.2572429,20262928,0.7,1,C:\Users\lsx\Desktop\REMOandDREMO测试集\10目标\n30\REMO_new2_AdaMaO_SDEOnly_UniformMix_Pruned_Weighted_Q070\REMO_new2_AdaMaO_SDEOnly_UniformMix_Pruned_Weighted_Q070_DTLZ5_M10_D30_16.mat
Pruned_Weighted_Q070,DTLZ5,17,300,0.759774396145776,330.2670554,20262929,0.7,1,C:\Users\lsx\Desktop\REMOandDREMO测试集\10目标\n30\REMO_new2_AdaMaO_SDEOnly_UniformMix_Pruned_Weighted_Q070\REMO_new2_AdaMaO_SDEOnly_UniformMix_Pruned_Weighted_Q070_DTLZ5_M10_D30_17.mat
Pruned,DTLZ2,1,300,1.17153842155278,301.4938241,NaN,NaN,NaN,C:\Users\lsx\Desktop\REMOandDREMO测试集\10目标\n30\REMO_new2_AdaMaO_SDEOnly_UniformMix_Pruned\REMO_new2_AdaMaO_SDEOnly_UniformMix_Pruned_DTLZ2_M10_D30_1.mat
Pruned,DTLZ2,2,300,1.13156294857921,280.825933,NaN,NaN,NaN,C:\Users\lsx\Desktop\REMOandDREMO测试集\10目标\n30\REMO_new2_AdaMaO_SDEOnly_UniformMix_Pruned\REMO_new2_AdaMaO_SDEOnly_UniformMix_Pruned_DTLZ2_M10_D30_2.mat
Pruned,DTLZ2,3,300,1.21850078331056,273.5422379,NaN,NaN,NaN,C:\Users\lsx\Desktop\REMOandDREMO测试集\10目标\n30\REMO_new2_AdaMaO_SDEOnly_UniformMix_Pruned\REMO_new2_AdaMaO_SDEOnly_UniformMix_Pruned_DTLZ2_M10_D30_3.mat
Pruned,DTLZ2,4,300,1.02326050872538,273.0548105,NaN,NaN,NaN,C:\Users\lsx\Desktop\REMOandDREMO测试集\10目标\n30\REMO_new2_AdaMaO_SDEOnly_UniformMix_Pruned\REMO_new2_AdaMaO_SDEOnly_UniformMix_Pruned_DTLZ2_M10_D30_4.mat
Pruned,DTLZ2,5,300,1.20081124512349,287.3545113,NaN,NaN,NaN,C:\Users\lsx\Desktop\REMOandDREMO测试集\10目标\n30\REMO_new2_AdaMaO_SDEOnly_UniformMix_Pruned\REMO_new2_AdaMaO_SDEOnly_UniformMix_Pruned_DTLZ2_M10_D30_5.mat
Pruned,DTLZ2,6,300,1.21587343684971,313.1606473,NaN,NaN,NaN,C:\Users\lsx\Desktop\REMOandDREMO测试集\10目标\n30\REMO_new2_AdaMaO_SDEOnly_UniformMix_Pruned\REMO_new2_AdaMaO_SDEOnly_UniformMix_Pruned_DTLZ2_M10_D30_6.mat
Pruned,DTLZ2,7,300,1.05155992676962,322.8627629,NaN,NaN,NaN,C:\Users\lsx\Desktop\REMOandDREMO测试集\10目标\n30\REMO_new2_AdaMaO_SDEOnly_UniformMix_Pruned\REMO_new2_AdaMaO_SDEOnly_UniformMix_Pruned_DTLZ2_M10_D30_7.mat
Pruned,DTLZ2,8,300,1.2385053826897,261.3106237,NaN,NaN,NaN,C:\Users\lsx\Desktop\REMOandDREMO测试集\10目标\n30\REMO_new2_AdaMaO_SDEOnly_UniformMix_Pruned\REMO_new2_AdaMaO_SDEOnly_UniformMix_Pruned_DTLZ2_M10_D30_8.mat
Pruned,DTLZ2,9,300,1.2360049964683,267.8587482,NaN,NaN,NaN,C:\Users\lsx\Desktop\REMOandDREMO测试集\10目标\n30\REMO_new2_AdaMaO_SDEOnly_UniformMix_Pruned\REMO_new2_AdaMaO_SDEOnly_UniformMix_Pruned_DTLZ2_M10_D30_9.mat
Pruned,DTLZ2,10,300,1.25972016919785,265.5920589,NaN,NaN,NaN,C:\Users\lsx\Desktop\REMOandDREMO测试集\10目标\n30\REMO_new2_AdaMaO_SDEOnly_UniformMix_Pruned\REMO_new2_AdaMaO_SDEOnly_UniformMix_Pruned_DTLZ2_M10_D30_10.mat
Pruned,DTLZ2,11,300,1.21773750208789,262.4785956,NaN,NaN,NaN,C:\Users\lsx\Desktop\REMOandDREMO测试集\10目标\n30\REMO_new2_AdaMaO_SDEOnly_UniformMix_Pruned\REMO_new2_AdaMaO_SDEOnly_UniformMix_Pruned_DTLZ2_M10_D30_11.mat
Pruned,DTLZ2,12,300,1.2168802249662,251.7918518,NaN,NaN,NaN,C:\Users\lsx\Desktop\REMOandDREMO测试集\10目标\n30\REMO_new2_AdaMaO_SDEOnly_UniformMix_Pruned\REMO_new2_AdaMaO_SDEOnly_UniformMix_Pruned_DTLZ2_M10_D30_12.mat
Pruned,DTLZ2,13,300,1.02461442365948,284.9153963,NaN,NaN,NaN,C:\Users\lsx\Desktop\REMOandDREMO测试集\10目标\n30\REMO_new2_AdaMaO_SDEOnly_UniformMix_Pruned\REMO_new2_AdaMaO_SDEOnly_UniformMix_Pruned_DTLZ2_M10_D30_13.mat
Pruned,DTLZ2,14,300,1.1755698255814,266.7906145,NaN,NaN,NaN,C:\Users\lsx\Desktop\REMOandDREMO测试集\10目标\n30\REMO_new2_AdaMaO_SDEOnly_UniformMix_Pruned\REMO_new2_AdaMaO_SDEOnly_UniformMix_Pruned_DTLZ2_M10_D30_14.mat
Pruned,DTLZ2,15,300,1.17080456503502,259.0231312,NaN,NaN,NaN,C:\Users\lsx\Desktop\REMOandDREMO测试集\10目标\n30\REMO_new2_AdaMaO_SDEOnly_UniformMix_Pruned\REMO_new2_AdaMaO_SDEOnly_UniformMix_Pruned_DTLZ2_M10_D30_15.mat
Pruned,DTLZ2,16,300,1.0305901202139,272.9609125,NaN,NaN,NaN,C:\Users\lsx\Desktop\REMOandDREMO测试集\10目标\n30\REMO_new2_AdaMaO_SDEOnly_UniformMix_Pruned\REMO_new2_AdaMaO_SDEOnly_UniformMix_Pruned_DTLZ2_M10_D30_16.mat
Pruned,DTLZ2,17,300,1.18960090897507,263.0174919,NaN,NaN,NaN,C:\Users\lsx\Desktop\REMOandDREMO测试集\10目标\n30\REMO_new2_AdaMaO_SDEOnly_UniformMix_Pruned\REMO_new2_AdaMaO_SDEOnly_UniformMix_Pruned_DTLZ2_M10_D30_17.mat
Pruned,DTLZ2,18,300,1.22945597898837,262.2284787,NaN,NaN,NaN,C:\Users\lsx\Desktop\REMOandDREMO测试集\10目标\n30\REMO_new2_AdaMaO_SDEOnly_UniformMix_Pruned\REMO_new2_AdaMaO_SDEOnly_UniformMix_Pruned_DTLZ2_M10_D30_18.mat
Pruned,DTLZ5,1,300,0.583642085916859,267.4600705,NaN,NaN,NaN,C:\Users\lsx\Desktop\REMOandDREMO测试集\10目标\n30\REMO_new2_AdaMaO_SDEOnly_UniformMix_Pruned\REMO_new2_AdaMaO_SDEOnly_UniformMix_Pruned_DTLZ5_M10_D30_1.mat
Pruned,DTLZ5,2,300,0.902767030464862,266.0305196,NaN,NaN,NaN,C:\Users\lsx\Desktop\REMOandDREMO测试集\10目标\n30\REMO_new2_AdaMaO_SDEOnly_UniformMix_Pruned\REMO_new2_AdaMaO_SDEOnly_UniformMix_Pruned_DTLZ5_M10_D30_2.mat
Pruned,DTLZ5,3,300,0.736169249610401,266.0340941,NaN,NaN,NaN,C:\Users\lsx\Desktop\REMOandDREMO测试集\10目标\n30\REMO_new2_AdaMaO_SDEOnly_UniformMix_Pruned\REMO_new2_AdaMaO_SDEOnly_UniformMix_Pruned_DTLZ5_M10_D30_3.mat
Pruned,DTLZ5,4,300,0.774811768622371,262.2105978,NaN,NaN,NaN,C:\Users\lsx\Desktop\REMOandDREMO测试集\10目标\n30\REMO_new2_AdaMaO_SDEOnly_UniformMix_Pruned\REMO_new2_AdaMaO_SDEOnly_UniformMix_Pruned_DTLZ5_M10_D30_4.mat
Pruned,DTLZ5,5,300,0.9646222252795,263.7344114,NaN,NaN,NaN,C:\Users\lsx\Desktop\REMOandDREMO测试集\10目标\n30\REMO_new2_AdaMaO_SDEOnly_UniformMix_Pruned\REMO_new2_AdaMaO_SDEOnly_UniformMix_Pruned_DTLZ5_M10_D30_5.mat
Pruned,DTLZ5,6,300,0.822355847958651,260.2184728,NaN,NaN,NaN,C:\Users\lsx\Desktop\REMOandDREMO测试集\10目标\n30\REMO_new2_AdaMaO_SDEOnly_UniformMix_Pruned\REMO_new2_AdaMaO_SDEOnly_UniformMix_Pruned_DTLZ5_M10_D30_6.mat
Pruned,DTLZ5,7,300,0.556834761097025,255.7676958,NaN,NaN,NaN,C:\Users\lsx\Desktop\REMOandDREMO测试集\10目标\n30\REMO_new2_AdaMaO_SDEOnly_UniformMix_Pruned\REMO_new2_AdaMaO_SDEOnly_UniformMix_Pruned_DTLZ5_M10_D30_7.mat
Pruned,DTLZ5,8,300,0.765092730064696,257.9979084,NaN,NaN,NaN,C:\Users\lsx\Desktop\REMOandDREMO测试集\10目标\n30\REMO_new2_AdaMaO_SDEOnly_UniformMix_Pruned\REMO_new2_AdaMaO_SDEOnly_UniformMix_Pruned_DTLZ5_M10_D30_8.mat
Pruned,DTLZ5,9,300,0.920183051922148,265.7079933,NaN,NaN,NaN,C:\Users\lsx\Desktop\REMOandDREMO测试集\10目标\n30\REMO_new2_AdaMaO_SDEOnly_UniformMix_Pruned\REMO_new2_AdaMaO_SDEOnly_UniformMix_Pruned_DTLZ5_M10_D30_9.mat
Pruned,DTLZ5,10,300,0.863240294663934,282.6025432,NaN,NaN,NaN,C:\Users\lsx\Desktop\REMOandDREMO测试集\10目标\n30\REMO_new2_AdaMaO_SDEOnly_UniformMix_Pruned\REMO_new2_AdaMaO_SDEOnly_UniformMix_Pruned_DTLZ5_M10_D30_10.mat
Pruned,DTLZ5,11,300,0.922717917709425,255.6589862,NaN,NaN,NaN,C:\Users\lsx\Desktop\REMOandDREMO测试集\10目标\n30\REMO_new2_AdaMaO_SDEOnly_UniformMix_Pruned\REMO_new2_AdaMaO_SDEOnly_UniformMix_Pruned_DTLZ5_M10_D30_11.mat
Pruned,DTLZ5,12,300,0.653269871481857,271.6391465,NaN,NaN,NaN,C:\Users\lsx\Desktop\REMOandDREMO测试集\10目标\n30\REMO_new2_AdaMaO_SDEOnly_UniformMix_Pruned\REMO_new2_AdaMaO_SDEOnly_UniformMix_Pruned_DTLZ5_M10_D30_12.mat
Pruned,DTLZ5,13,300,0.844745729687977,272.6249955,NaN,NaN,NaN,C:\Users\lsx\Desktop\REMOandDREMO测试集\10目标\n30\REMO_new2_AdaMaO_SDEOnly_UniformMix_Pruned\REMO_new2_AdaMaO_SDEOnly_UniformMix_Pruned_DTLZ5_M10_D30_13.mat
Pruned,DTLZ5,14,300,0.833461141463434,261.1598364,NaN,NaN,NaN,C:\Users\lsx\Desktop\REMOandDREMO测试集\10目标\n30\REMO_new2_AdaMaO_SDEOnly_UniformMix_Pruned\REMO_new2_AdaMaO_SDEOnly_UniformMix_Pruned_DTLZ5_M10_D30_14.mat
Pruned,DTLZ5,15,300,0.996712079728282,260.6998375,NaN,NaN,NaN,C:\Users\lsx\Desktop\REMOandDREMO测试集\10目标\n30\REMO_new2_AdaMaO_SDEOnly_UniformMix_Pruned\REMO_new2_AdaMaO_SDEOnly_UniformMix_Pruned_DTLZ5_M10_D30_15.mat
Pruned,DTLZ5,16,300,1.02309087346095,263.9137526,NaN,NaN,NaN,C:\Users\lsx\Desktop\REMOandDREMO测试集\10目标\n30\REMO_new2_AdaMaO_SDEOnly_UniformMix_Pruned\REMO_new2_AdaMaO_SDEOnly_UniformMix_Pruned_DTLZ5_M10_D30_16.mat
Pruned,DTLZ5,17,300,0.937632337739079,262.1801921,NaN,NaN,NaN,C:\Users\lsx\Desktop\REMOandDREMO测试集\10目标\n30\REMO_new2_AdaMaO_SDEOnly_UniformMix_Pruned\REMO_new2_AdaMaO_SDEOnly_UniformMix_Pruned_DTLZ5_M10_D30_17.mat
Pruned,DTLZ5,18,300,0.811326669343137,262.8129579,NaN,NaN,NaN,C:\Users\lsx\Desktop\REMOandDREMO测试集\10目标\n30\REMO_new2_AdaMaO_SDEOnly_UniformMix_Pruned\REMO_new2_AdaMaO_SDEOnly_UniformMix_Pruned_DTLZ5_M10_D30_18.mat
Pruned,DTLZ7,1,300,10.627633476183,248.0168717,NaN,NaN,NaN,C:\Users\lsx\Desktop\REMOandDREMO测试集\10目标\n30\REMO_new2_AdaMaO_SDEOnly_UniformMix_Pruned\REMO_new2_AdaMaO_SDEOnly_UniformMix_Pruned_DTLZ7_M10_D30_1.mat
Pruned,DTLZ7,2,300,8.47080241392423,252.3774373,NaN,NaN,NaN,C:\Users\lsx\Desktop\REMOandDREMO测试集\10目标\n30\REMO_new2_AdaMaO_SDEOnly_UniformMix_Pruned\REMO_new2_AdaMaO_SDEOnly_UniformMix_Pruned_DTLZ7_M10_D30_2.mat
Pruned,DTLZ7,3,300,14.0239551341343,266.4279131,NaN,NaN,NaN,C:\Users\lsx\Desktop\REMOandDREMO测试集\10目标\n30\REMO_new2_AdaMaO_SDEOnly_UniformMix_Pruned\REMO_new2_AdaMaO_SDEOnly_UniformMix_Pruned_DTLZ7_M10_D30_3.mat
Pruned,DTLZ7,4,300,12.2127885717644,251.4640335,NaN,NaN,NaN,C:\Users\lsx\Desktop\REMOandDREMO测试集\10目标\n30\REMO_new2_AdaMaO_SDEOnly_UniformMix_Pruned\REMO_new2_AdaMaO_SDEOnly_UniformMix_Pruned_DTLZ7_M10_D30_4.mat
Pruned,DTLZ7,5,300,8.86919967521211,244.7875757,NaN,NaN,NaN,C:\Users\lsx\Desktop\REMOandDREMO测试集\10目标\n30\REMO_new2_AdaMaO_SDEOnly_UniformMix_Pruned\REMO_new2_AdaMaO_SDEOnly_UniformMix_Pruned_DTLZ7_M10_D30_5.mat
Pruned,DTLZ7,6,300,10.9503987004727,248.03904,NaN,NaN,NaN,C:\Users\lsx\Desktop\REMOandDREMO测试集\10目标\n30\REMO_new2_AdaMaO_SDEOnly_UniformMix_Pruned\REMO_new2_AdaMaO_SDEOnly_UniformMix_Pruned_DTLZ7_M10_D30_6.mat
Pruned,DTLZ7,7,300,8.99524233687104,260.5133766,NaN,NaN,NaN,C:\Users\lsx\Desktop\REMOandDREMO测试集\10目标\n30\REMO_new2_AdaMaO_SDEOnly_UniformMix_Pruned\REMO_new2_AdaMaO_SDEOnly_UniformMix_Pruned_DTLZ7_M10_D30_7.mat
Pruned,DTLZ7,8,300,11.5541813158927,250.7603226,NaN,NaN,NaN,C:\Users\lsx\Desktop\REMOandDREMO测试集\10目标\n30\REMO_new2_AdaMaO_SDEOnly_UniformMix_Pruned\REMO_new2_AdaMaO_SDEOnly_UniformMix_Pruned_DTLZ7_M10_D30_8.mat
Pruned,DTLZ7,9,300,14.0623365478662,256.5763588,NaN,NaN,NaN,C:\Users\lsx\Desktop\REMOandDREMO测试集\10目标\n30\REMO_new2_AdaMaO_SDEOnly_UniformMix_Pruned\REMO_new2_AdaMaO_SDEOnly_UniformMix_Pruned_DTLZ7_M10_D30_9.mat
Pruned,DTLZ7,10,300,10.721411813148,275.5785939,NaN,NaN,NaN,C:\Users\lsx\Desktop\REMOandDREMO测试集\10目标\n30\REMO_new2_AdaMaO_SDEOnly_UniformMix_Pruned\REMO_new2_AdaMaO_SDEOnly_UniformMix_Pruned_DTLZ7_M10_D30_10.mat
Pruned,DTLZ7,11,300,6.88231325211997,254.7627608,NaN,NaN,NaN,C:\Users\lsx\Desktop\REMOandDREMO测试集\10目标\n30\REMO_new2_AdaMaO_SDEOnly_UniformMix_Pruned\REMO_new2_AdaMaO_SDEOnly_UniformMix_Pruned_DTLZ7_M10_D30_11.mat
Pruned,DTLZ7,12,300,12.4540846857729,256.6251374,NaN,NaN,NaN,C:\Users\lsx\Desktop\REMOandDREMO测试集\10目标\n30\REMO_new2_AdaMaO_SDEOnly_UniformMix_Pruned\REMO_new2_AdaMaO_SDEOnly_UniformMix_Pruned_DTLZ7_M10_D30_12.mat
Pruned,DTLZ7,13,300,11.8740387026885,256.868,NaN,NaN,NaN,C:\Users\lsx\Desktop\REMOandDREMO测试集\10目标\n30\REMO_new2_AdaMaO_SDEOnly_UniformMix_Pruned\REMO_new2_AdaMaO_SDEOnly_UniformMix_Pruned_DTLZ7_M10_D30_13.mat
Pruned,DTLZ7,14,300,10.0685010606748,249.4686566,NaN,NaN,NaN,C:\Users\lsx\Desktop\REMOandDREMO测试集\10目标\n30\REMO_new2_AdaMaO_SDEOnly_UniformMix_Pruned\REMO_new2_AdaMaO_SDEOnly_UniformMix_Pruned_DTLZ7_M10_D30_14.mat
Pruned,DTLZ7,15,300,8.90127649855071,252.7217773,NaN,NaN,NaN,C:\Users\lsx\Desktop\REMOandDREMO测试集\10目标\n30\REMO_new2_AdaMaO_SDEOnly_UniformMix_Pruned\REMO_new2_AdaMaO_SDEOnly_UniformMix_Pruned_DTLZ7_M10_D30_15.mat
Pruned,DTLZ7,16,300,8.60187427204602,256.9748579,NaN,NaN,NaN,C:\Users\lsx\Desktop\REMOandDREMO测试集\10目标\n30\REMO_new2_AdaMaO_SDEOnly_UniformMix_Pruned\REMO_new2_AdaMaO_SDEOnly_UniformMix_Pruned_DTLZ7_M10_D30_16.mat
Pruned,DTLZ7,17,300,9.68679390347474,249.4597403,NaN,NaN,NaN,C:\Users\lsx\Desktop\REMOandDREMO测试集\10目标\n30\REMO_new2_AdaMaO_SDEOnly_UniformMix_Pruned\REMO_new2_AdaMaO_SDEOnly_UniformMix_Pruned_DTLZ7_M10_D30_17.mat
Pruned,DTLZ7,18,300,9.89581160047246,253.7069186,NaN,NaN,NaN,C:\Users\lsx\Desktop\REMOandDREMO测试集\10目标\n30\REMO_new2_AdaMaO_SDEOnly_UniformMix_Pruned\REMO_new2_AdaMaO_SDEOnly_UniformMix_Pruned_DTLZ7_M10_D30_18.mat
Pruned,WFG7,1,300,5.44434230147563,260.4510616,NaN,NaN,NaN,C:\Users\lsx\Desktop\REMOandDREMO测试集\10目标\n30\REMO_new2_AdaMaO_SDEOnly_UniformMix_Pruned\REMO_new2_AdaMaO_SDEOnly_UniformMix_Pruned_WFG7_M10_D30_1.mat
Pruned,WFG7,2,300,5.33873889863729,260.4672462,NaN,NaN,NaN,C:\Users\lsx\Desktop\REMOandDREMO测试集\10目标\n30\REMO_new2_AdaMaO_SDEOnly_UniformMix_Pruned\REMO_new2_AdaMaO_SDEOnly_UniformMix_Pruned_WFG7_M10_D30_2.mat
Pruned,WFG7,3,300,5.07650527820657,280.4762445,NaN,NaN,NaN,C:\Users\lsx\Desktop\REMOandDREMO测试集\10目标\n30\REMO_new2_AdaMaO_SDEOnly_UniformMix_Pruned\REMO_new2_AdaMaO_SDEOnly_UniformMix_Pruned_WFG7_M10_D30_3.mat
Pruned,WFG7,4,300,5.32838332032948,256.7223577,NaN,NaN,NaN,C:\Users\lsx\Desktop\REMOandDREMO测试集\10目标\n30\REMO_new2_AdaMaO_SDEOnly_UniformMix_Pruned\REMO_new2_AdaMaO_SDEOnly_UniformMix_Pruned_WFG7_M10_D30_4.mat
Pruned,WFG7,5,300,5.05998786473568,251.4263642,NaN,NaN,NaN,C:\Users\lsx\Desktop\REMOandDREMO测试集\10目标\n30\REMO_new2_AdaMaO_SDEOnly_UniformMix_Pruned\REMO_new2_AdaMaO_SDEOnly_UniformMix_Pruned_WFG7_M10_D30_5.mat
Pruned,WFG7,6,300,5.32734082658539,254.5168755,NaN,NaN,NaN,C:\Users\lsx\Desktop\REMOandDREMO测试集\10目标\n30\REMO_new2_AdaMaO_SDEOnly_UniformMix_Pruned\REMO_new2_AdaMaO_SDEOnly_UniformMix_Pruned_WFG7_M10_D30_6.mat
Pruned,WFG7,7,300,5.56725268418997,260.3525182,NaN,NaN,NaN,C:\Users\lsx\Desktop\REMOandDREMO测试集\10目标\n30\REMO_new2_AdaMaO_SDEOnly_UniformMix_Pruned\REMO_new2_AdaMaO_SDEOnly_UniformMix_Pruned_WFG7_M10_D30_7.mat
Pruned,WFG7,8,300,5.13834174536188,273.2790467,NaN,NaN,NaN,C:\Users\lsx\Desktop\REMOandDREMO测试集\10目标\n30\REMO_new2_AdaMaO_SDEOnly_UniformMix_Pruned\REMO_new2_AdaMaO_SDEOnly_UniformMix_Pruned_WFG7_M10_D30_8.mat
Pruned,WFG7,9,300,5.98485561362185,277.3625368,NaN,NaN,NaN,C:\Users\lsx\Desktop\REMOandDREMO测试集\10目标\n30\REMO_new2_AdaMaO_SDEOnly_UniformMix_Pruned\REMO_new2_AdaMaO_SDEOnly_UniformMix_Pruned_WFG7_M10_D30_9.mat
Pruned,WFG7,10,300,6.46179856208585,271.6844571,NaN,NaN,NaN,C:\Users\lsx\Desktop\REMOandDREMO测试集\10目标\n30\REMO_new2_AdaMaO_SDEOnly_UniformMix_Pruned\REMO_new2_AdaMaO_SDEOnly_UniformMix_Pruned_WFG7_M10_D30_10.mat
Pruned,WFG7,11,300,5.12355521098386,270.8406431,NaN,NaN,NaN,C:\Users\lsx\Desktop\REMOandDREMO测试集\10目标\n30\REMO_new2_AdaMaO_SDEOnly_UniformMix_Pruned\REMO_new2_AdaMaO_SDEOnly_UniformMix_Pruned_WFG7_M10_D30_11.mat
Pruned,WFG7,12,300,6.16880217028939,255.8737223,NaN,NaN,NaN,C:\Users\lsx\Desktop\REMOandDREMO测试集\10目标\n30\REMO_new2_AdaMaO_SDEOnly_UniformMix_Pruned\REMO_new2_AdaMaO_SDEOnly_UniformMix_Pruned_WFG7_M10_D30_12.mat
Pruned,WFG7,13,300,5.05533238669284,247.8970015,NaN,NaN,NaN,C:\Users\lsx\Desktop\REMOandDREMO测试集\10目标\n30\REMO_new2_AdaMaO_SDEOnly_UniformMix_Pruned\REMO_new2_AdaMaO_SDEOnly_UniformMix_Pruned_WFG7_M10_D30_13.mat
Pruned,WFG7,14,300,5.25744284864497,249.8240619,NaN,NaN,NaN,C:\Users\lsx\Desktop\REMOandDREMO测试集\10目标\n30\REMO_new2_AdaMaO_SDEOnly_UniformMix_Pruned\REMO_new2_AdaMaO_SDEOnly_UniformMix_Pruned_WFG7_M10_D30_14.mat
Pruned,WFG7,15,300,5.14046663856886,251.5447766,NaN,NaN,NaN,C:\Users\lsx\Desktop\REMOandDREMO测试集\10目标\n30\REMO_new2_AdaMaO_SDEOnly_UniformMix_Pruned\REMO_new2_AdaMaO_SDEOnly_UniformMix_Pruned_WFG7_M10_D30_15.mat
Pruned,WFG7,16,300,5.56521365483003,250.7702669,NaN,NaN,NaN,C:\Users\lsx\Desktop\REMOandDREMO测试集\10目标\n30\REMO_new2_AdaMaO_SDEOnly_UniformMix_Pruned\REMO_new2_AdaMaO_SDEOnly_UniformMix_Pruned_WFG7_M10_D30_16.mat
Pruned,WFG7,17,300,5.02647381151914,276.674267,NaN,NaN,NaN,C:\Users\lsx\Desktop\REMOandDREMO测试集\10目标\n30\REMO_new2_AdaMaO_SDEOnly_UniformMix_Pruned\REMO_new2_AdaMaO_SDEOnly_UniformMix_Pruned_WFG7_M10_D30_17.mat
Pruned,WFG7,18,300,5.65197894498133,236.816374,NaN,NaN,NaN,C:\Users\lsx\Desktop\REMOandDREMO测试集\10目标\n30\REMO_new2_AdaMaO_SDEOnly_UniformMix_Pruned\REMO_new2_AdaMaO_SDEOnly_UniformMix_Pruned_WFG7_M10_D30_18.mat
