Problem,M,Metric,View,Truth,ArmA,ArmB,HigherIsBetter,ValidPairs,MeanA,MeanB,MeanDeltaAminusB,MedianDeltaAminusB,MeanRelativeImprovementPct,PairedWinProbability,RankBiserial,PValueRaw
DTLZ2,10,IGD,-,-,lambda030,lambda050,0,25,0.919213438855345,0.948153859350209,-0.0289404204948635,-0.0332429141688257,2.59137192065109,0.6,0.261538461538462,0.252812901016408
DTLZ2,10,Precision,score_hybrid,population_final,lambda030,lambda050,1,25,0.394483582089552,0.421779104477612,-0.0272955223880597,-0.040597014925373,-4.94512538585211,0.28,-0.461538461538462,0.04357983755223
DTLZ2,10,Precision,score_hybrid,front_final,lambda030,lambda050,1,25,0.776859701492537,0.795128358208955,-0.0182686567164179,-0.0322388059701492,-0.803221402456526,0.4,-0.187692307692308,0.411839500245909
DTLZ2,10,Precision,score_hybrid,population_h1,lambda030,lambda050,1,25,0.955612121212121,0.960848484848485,-0.00523636363636363,-0.00363636363636355,-0.538502896946114,0.36,-0.421538461538462,0.0611667018417369
DTLZ2,10,Precision,score_v,population_final,lambda030,lambda050,1,25,0.382829850746269,0.401313432835821,-0.0184835820895522,-0.0334328358208955,-2.47412617465222,0.36,-0.273846153846154,0.231167212861145
DTLZ2,10,Precision,score_v,front_final,lambda030,lambda050,1,25,0.789205970149254,0.804919402985075,-0.0157134328358209,0.00716417910447753,-0.3346778737522,0.52,-0.129230769230769,0.572025665587246
DTLZ2,10,Precision,score_v,population_h1,lambda030,lambda050,1,25,0.9544,0.957721212121212,-0.00332121212121208,-0.00121212121212111,-0.336631529194149,0.44,-0.249230769230769,0.271234292842765
DTLZ2,10,Precision,anchor_margin,population_final,lambda030,lambda050,1,25,0.375880597014925,0.378340298507463,-0.00245970149253731,-0.0107462686567164,1.32561731319302,0.4,-0.0892307692307692,0.696412414499092
DTLZ2,10,Precision,anchor_margin,front_final,lambda030,lambda050,1,25,0.725850746268657,0.739964179104478,-0.0141134328358209,-0.0334328358208954,-0.0446658139889561,0.36,-0.212307692307692,0.360256521862842
DTLZ2,10,Precision,anchor_margin,population_h1,lambda030,lambda050,1,25,0.950690909090909,0.952727272727273,-0.00203636363636364,-0.000606060606060499,-0.207639255679667,0.44,-0.187692307692308,0.396550519968817
DTLZ2,20,IGD,-,-,lambda030,lambda050,0,25,1.01896421912056,1.02480922600414,-0.00584500688357763,-0.00282712475898106,0.373643599611131,0.52,0.0338461538461538,0.882352226991577
DTLZ2,20,Precision,score_hybrid,population_final,lambda030,lambda050,1,25,0.358829850746269,0.383832835820895,-0.0250029850746269,-0.0256716417910448,-5.22443372077839,0.36,-0.378461538461538,0.0979549378448583
DTLZ2,20,Precision,score_hybrid,front_final,lambda030,lambda050,1,25,0.882770149253731,0.888764179104478,-0.00599402985074627,-0.000597014925373118,-0.262212701276172,0.48,-0.0523076923076923,0.819087249013281
DTLZ2,20,Precision,score_hybrid,population_h1,lambda030,lambda050,1,25,0.951951515151515,0.949333333333333,0.0026181818181818,0.00242424242424233,0.286502180689519,0.6,0.209230769230769,0.360169557253454
DTLZ2,20,Precision,score_v,population_final,lambda030,lambda050,1,25,0.363414925373134,0.388417910447761,-0.0250029850746269,-0.0280597014925374,-4.37274337577685,0.4,-0.335384615384615,0.142514013336794
DTLZ2,20,Precision,score_v,front_final,lambda030,lambda050,1,25,0.889313432835821,0.900202985074627,-0.010889552238806,-0.00238805970149258,-0.888192556413497,0.48,-0.138461538461538,0.553828871979606
DTLZ2,20,Precision,score_v,population_h1,lambda030,lambda050,1,25,0.954230303030303,0.952509090909091,0.00172121212121211,0.00303030303030283,0.193076380406069,0.62,0.136666666666667,0.567531235901372
DTLZ2,20,Precision,anchor_margin,population_final,lambda030,lambda050,1,25,0.313313432835821,0.308608955223881,0.0047044776119403,0.00179104477611941,6.64446408527797,0.56,0.0830769230769231,0.716423138125903
DTLZ2,20,Precision,anchor_margin,front_final,lambda030,lambda050,1,25,0.82579104477612,0.833982089552239,-0.00819104477611941,-0.0149253731343285,-0.365178878463085,0.44,-0.144615384615385,0.527182745255457
DTLZ2,20,Precision,anchor_margin,population_h1,lambda030,lambda050,1,25,0.929406060606061,0.927418181818182,0.0019878787878788,0.00484848484848499,0.235721506908133,0.52,0.132307692307692,0.562874527783006
DTLZ4,10,IGD,-,-,lambda030,lambda050,0,25,0.991055546267021,1.04635909570738,-0.0553035494403609,-0.048005820203416,4.64896847530613,0.64,0.483076923076923,0.0346699352823068
DTLZ4,10,Precision,score_hybrid,population_final,lambda030,lambda050,1,25,0.479617910447761,0.494853731343284,-0.0152358208955224,-0.0298507462686567,-1.88724074987386,0.4,-0.286153846153846,0.210871951440329
DTLZ4,10,Precision,score_hybrid,front_final,lambda030,lambda050,1,25,0.959092537313433,0.962292537313433,-0.00320000000000001,0.00597014925373118,-0.286343432990061,0.6,-0.0830769230769231,0.726472653355473
DTLZ4,10,Precision,score_hybrid,population_h1,lambda030,lambda050,1,25,0.977745454545455,0.981260606060606,-0.00351515151515147,-0.00545454545454527,-0.356579270795087,0.22,-0.59,0.00835609468990339
DTLZ4,10,Precision,score_v,population_final,lambda030,lambda050,1,25,0.419749253731343,0.434292537313433,-0.0145432835820896,-0.0161194029850746,-1.31064756689716,0.44,-0.178461538461538,0.435193274549479
DTLZ4,10,Precision,score_v,front_final,lambda030,lambda050,1,25,0.966065671641791,0.965301492537314,0.000764179104477569,0.00477611940298495,0.11697375009439,0.52,0.0461538461538462,0.829454266422271
DTLZ4,10,Precision,score_v,population_h1,lambda030,lambda050,1,25,0.969454545454546,0.97030303030303,-0.000848484848484889,0.000606060606060721,-0.0835271260253602,0.52,-0.0830769230769231,0.689036195563337
DTLZ4,10,Precision,anchor_margin,population_final,lambda030,lambda050,1,25,0.502877611940298,0.505408955223881,-0.0025313432835821,0.0185074626865671,1.0563623795809,0.52,-0.00307692307692308,0.989266019065271
DTLZ4,10,Precision,anchor_margin,front_final,lambda030,lambda050,1,25,0.974901492537314,0.97299104477612,0.00191044776119396,-0.00119402985074646,0.223909657716052,0.44,0.0688405797101449,0.772587357300923
DTLZ4,10,Precision,anchor_margin,population_h1,lambda030,lambda050,1,25,0.981284848484849,0.981478787878788,-0.000193939393939373,2.22044604925031e-16,-0.0179949048075207,0.52,0.00923076923076923,0.977192435184241
DTLZ4,20,IGD,-,-,lambda030,lambda050,0,25,0.912512299562641,0.923500544504407,-0.0109882449417655,-0.00500075712858117,1.03929483014982,0.56,0.224615384615385,0.326049462728915
DTLZ4,20,Precision,score_hybrid,population_final,lambda030,lambda050,1,25,0.450483582089552,0.488310447761194,-0.0378268656716418,-0.0322388059701493,-7.03917659262357,0.2,-0.621538461538461,0.00657087991971042
DTLZ4,20,Precision,score_hybrid,front_final,lambda030,lambda050,1,25,0.997182089552239,0.996656716417911,0.000525373134328353,-0.000597014925373007,0.0556699269825997,0.38,-0.123809523809524,0.587665678398345
DTLZ4,20,Precision,score_hybrid,population_h1,lambda030,lambda050,1,25,0.976969696969697,0.979369696969697,-0.00240000000000003,-0.00181818181818183,-0.244102960485853,0.3,-0.563333333333333,0.0156224504165364
DTLZ4,20,Precision,score_v,population_final,lambda030,lambda050,1,25,0.415665671641791,0.451534328358209,-0.0358686567164179,-0.0376119402985075,-6.53261527874815,0.4,-0.513846153846154,0.0255242427790648
DTLZ4,20,Precision,score_v,front_final,lambda030,lambda050,1,25,0.997802985074627,0.998137313432836,-0.000334328358208951,-0.000597014925373007,-0.0320082632406635,0.3,-0.339181286549708,0.183250777049006
DTLZ4,20,Precision,score_v,population_h1,lambda030,lambda050,1,25,0.969260606060606,0.972242424242424,-0.00298181818181823,-0.00181818181818216,-0.305020460117604,0.28,-0.581538461538462,0.0108734519649818
DTLZ4,20,Precision,anchor_margin,population_final,lambda030,lambda050,1,25,0.43044776119403,0.436632835820895,-0.00618507462686566,-0.00597014925373135,-0.679273613105634,0.4,-0.138461538461538,0.567709166197353
DTLZ4,20,Precision,anchor_margin,front_final,lambda030,lambda050,1,25,0.998949253731343,0.997970149253732,0.000979104477611941,0,0.100274041681702,0.48,0.227272727272727,0.5341796875
DTLZ4,20,Precision,anchor_margin,population_h1,lambda030,lambda050,1,25,0.971151515151515,0.972218181818182,-0.00106666666666663,-0.000606060606060721,-0.107496980687321,0.4,-0.153846153846154,0.492339605763493
